level_slug,week_number,week_type,week_title,question_type_name,set_name,set_number,question_number,digits,operators,formatted_question,answer,time_limit,difficulty
1st-level,1,regular,1st Level 1st Week,Addition/Subtraction,Set 1,10,1,"[35,4,5,1,2]","[""+"",""-"",""+"",""+""]",35+4-5+1+2,37,10,3
1st-level,1,regular,1st Level 1st Week,Addition/Subtraction,Set 1,10,2,"[22,2,1,3,1]","[""+"",""+"",""+"",""+""]",22+2+1+3+1,29,10,3
1st-level,1,regular,1st Level 1st Week,Addition/Subtraction,Set 1,10,3,"[62,12,4,1,5]","[""-"",""+"",""+"",""-""]",62-12+4+1-5,50,10,3
1st-level,1,regular,1st Level 1st Week,Addition/Subtraction,Set 1,10,4,"[52,15,5,2,1]","[""+"",""-"",""+"",""+""]",52+15-5+2+1,65,10,3
1st-level,1,regular,1st Level 1st Week,Addition/Subtraction,Set 1,10,5,"[74,1,3,5,1]","[""+"",""+"",""-"",""+""]",74+1+3-5+1,74,10,3
1st-level,1,regular,1st Level 1st Week,Addition/Subtraction,Set 1,10,6,"[23,15,5,1,1]","[""+"",""-"",""+"",""+""]",23+15-5+1+1,35,10,3
1st-level,1,regular,1st Level 1st Week,Addition/Subtraction,Set 1,10,7,"[85,12,7,3,1]","[""+"",""-"",""+"",""+""]",85+12-7+3+1,94,10,3
1st-level,1,regular,1st Level 1st Week,Addition/Subtraction,Set 1,10,8,"[28,5,1,5,9]","[""-"",""+"",""+"",""-""]",28-5+1+5-9,20,10,3
1st-level,1,regular,1st Level 1st Week,Addition/Subtraction,Set 1,10,9,"[76,3,5,1,4]","[""+"",""-"",""+"",""+""]",76+3-5+1+4,79,10,3
1st-level,1,regular,1st Level 1st Week,Addition/Subtraction,Set 1,10,10,"[33,3,4,1,2]","[""-"",""+"",""+"",""+""]",33-3+4+1+2,37,10,3
1st-level,1,regular,1st Level 1st Week,Addition/Subtraction,Set 2,20,11,"[53,11,1,15,9]","[""+"",""+"",""-"",""+""]",53+11+1-15+9,59,10,3
1st-level,1,regular,1st Level 1st Week,Addition/Subtraction,Set 2,20,12,"[73,21,1,4,5]","[""+"",""+"",""+"",""-""]",73+21+1+4-5,94,10,3
1st-level,1,regular,1st Level 1st Week,Addition/Subtraction,Set 2,20,13,"[82,2,1,10,4]","[""+"",""+"",""-"",""+""]",82+2+1-10+4,79,10,3
1st-level,1,regular,1st Level 1st Week,Addition/Subtraction,Set 2,20,14,"[34,1,3,7,5]","[""+"",""+"",""-"",""+""]",34+1+3-7+5,36,10,3
1st-level,1,regular,1st Level 1st Week,Addition/Subtraction,Set 2,20,15,"[11,3,1,2,1]","[""+"",""+"",""+"",""+""]",11+3+1+2+1,18,10,3
1st-level,1,regular,1st Level 1st Week,Addition/Subtraction,Set 2,20,16,"[29,4,5,4,1]","[""-"",""-"",""+"",""+""]",29-4-5+4+1,25,10,3
1st-level,1,regular,1st Level 1st Week,Addition/Subtraction,Set 2,20,17,"[24,1,4,10,9]","[""+"",""+"",""+"",""-""]",24+1+4+10-9,30,10,3
1st-level,1,regular,1st Level 1st Week,Addition/Subtraction,Set 2,20,18,"[33,11,1,2,22]","[""+"",""+"",""+"",""-""]",33+11+1+2-22,25,10,3
1st-level,1,regular,1st Level 1st Week,Addition/Subtraction,Set 2,20,19,"[74,13,3,1,4]","[""-"",""+"",""+"",""+""]",74-13+3+1+4,69,10,3
1st-level,1,regular,1st Level 1st Week,Addition/Subtraction,Set 2,20,20,"[25,5,4,1,3]","[""-"",""+"",""+"",""+""]",25-5+4+1+3,28,10,3
