level_slug,week_number,week_type,week_title,question_type_name,set_name,set_number,question_number,digits,operators,formatted_question,answer,time_limit,difficulty
second-level,1,regular,2nd Level 1st Week,Addition/Subtraction,Set 1,10,1,"[52,35,85,95,55]","[""+"",""-"",""+"",""+""]",52+35-85+95+55,152,30,1
second-level,1,regular,2nd Level 1st Week,Addition/Subtraction,Set 1,10,2,"[95,45,59,40,30]","[""-"",""+"",""+"",""+""]",95-45+59+40+30,179,30,1
second-level,1,regular,2nd Level 1st Week,Addition/Subtraction,Set 1,10,3,"[54,14,21,25,45]","[""+"",""+"",""-"",""+""]",54+14+21-25+45,109,30,1
second-level,1,regular,2nd Level 1st Week,Addition/Subtraction,Set 1,10,4,"[82,13,20,83,40]","[""+"",""-"",""+"",""+""]",82+13-20+83+40,198,30,1
second-level,1,regular,2nd Level 1st Week,Addition/Subtraction,Set 1,10,5,"[24,21,60,90,35]","[""+"",""+"",""+"",""-""]",24+21+60+90-35,160,30,1
second-level,1,regular,2nd Level 1st Week,Addition/Subtraction,Set 1,10,6,"[43,53,33,31,92]","[""+"",""-"",""+"",""+""]",43+53-33+31+92,186,30,1
second-level,1,regular,2nd Level 1st Week,Addition/Subtraction,Set 1,10,7,"[61,34,20,30,32]","[""+"",""-"",""+"",""+""]",61+34-20+30+32,137,30,1
second-level,1,regular,2nd Level 1st Week,Addition/Subtraction,Set 1,10,8,"[33,53,10,23,80]","[""+"",""-"",""+"",""+""]",33+53-10+23+80,179,30,1
second-level,1,regular,2nd Level 1st Week,Addition/Subtraction,Set 1,10,9,"[32,17,25,14,70]","[""+"",""-"",""+"",""+""]",32+17-25+14+70,108,30,1
second-level,1,regular,2nd Level 1st Week,Addition/Subtraction,Set 1,10,10,"[25,24,15,13,60]","[""+"",""-"",""+"",""+""]",25+24-15+13+60,107,30,
second-level,1,regular,2nd Level 1st Week,Addition/Subtraction,Set 2,20,1,"[92,30,23,50,70]","[""-"",""+"",""-"",""+""]",92-30+23-50+70,105,30,1
second-level,1,regular,2nd Level 1st Week,Addition/Subtraction,Set 2,20,2,"[53,22,30,44,80]","[""+"",""+"",""+"",""+""]",53+22+30+44+80,229,30,1
second-level,1,regular,2nd Level 1st Week,Addition/Subtraction,Set 2,20,3,"[85,35,23,24,60]","[""-"",""+"",""+"",""+""]",85-35+23+24+60,157,30,1
second-level,1,regular,2nd Level 1st Week,Addition/Subtraction,Set 2,20,4,"[57,40,35,23,42]","[""+"",""-"",""+"",""+""]",57+40-35+23+42,127,30,1
second-level,1,regular,2nd Level 1st Week,Addition/Subtraction,Set 2,20,5,"[74,24,45,50,40]","[""+"",""-"",""+"",""+""]",74+24-45+50+40,143,30,1
second-level,1,regular,2nd Level 1st Week,Addition/Subtraction,Set 2,20,6,"[40,59,55,54,81]","[""+"",""-"",""+"",""+""]",40+59-55+54+81,179,30,1
second-level,1,regular,2nd Level 1st Week,Addition/Subtraction,Set 2,20,7,"[14,50,34,45,50]","[""+"",""+"",""-"",""+""]",14+50+34-45+50,103,30,1
second-level,1,regular,2nd Level 1st Week,Addition/Subtraction,Set 2,20,8,"[21,53,25,85,94]","[""+"",""+"",""-"",""+""]",21+53+25-85+94,108,30,1
second-level,1,regular,2nd Level 1st Week,Addition/Subtraction,Set 2,20,9,"[66,15,30,14,90]","[""+"",""+"",""+"",""+""]",66-15+30+14+90,185,30,1
second-level,1,regular,2nd Level 1st Week,Addition/Subtraction,Set 2,20,10,"[13,30,55,40,50]","[""+"",""+"",""-"",""+""]",13+30+55-40+50,108,30,1
second-level,1,regular,2nd Level 1st Week,Addition/Subtraction,Set 3,30,1,"[60,24,12,25,30]","[""+"",""+"",""-"",""+""]",60+24+12-25+30,101,30,1
second-level,1,regular,2nd Level 1st Week,Addition/Subtraction,Set 3,30,2,"[50,34,20,230,70]","[""+"",""+"",""+"",""+""]",50+34+20+230+70,404,30,1
second-level,1,regular,2nd Level 1st Week,Addition/Subtraction,Set 3,30,3,"[54,45,35,40,43]","[""+"",""-"",""+"",""+""]",54+45-35+40+43,147,30,1
second-level,1,regular,2nd Level 1st Week,Addition/Subtraction,Set 3,30,4,"[72,25,55,53,20]","[""+"",""-"",""+"",""+""]",72+25-55+53+20,115,30,1
second-level,1,regular,2nd Level 1st Week,Addition/Subtraction,Set 3,30,5,"[80,12,60,50,44]","[""+"",""+"",""-"",""+""]",80+12+60-50+44,146,30,1
second-level,1,regular,2nd Level 1st Week,Addition/Subtraction,Set 3,30,6,"[90,20,10,53,43]","[""+"",""-"",""+"",""+""]",90+20-10+53+43,196,30,1
second-level,1,regular,2nd Level 1st Week,Addition/Subtraction,Set 3,30,7,"[99,75,80,44,51]","[""-"",""+"",""-"",""+""]",99-75+80-44+51,111,30,1
second-level,1,regular,2nd Level 1st Week,Addition/Subtraction,Set 3,30,8,"[75,55,72,30,54]","[""-"",""+"",""+"",""+""]",75-55+72+30+54,176,30,1
second-level,1,regular,2nd Level 1st Week,Addition/Subtraction,Set 3,30,9,"[89,65,72,30,23]","[""-"",""+"",""+"",""+""]",89-65+72+30+23,149,30,1
second-level,1,regular,2nd Level 1st Week,Addition/Subtraction,Set 3,30,10,"[80,30,23,54,30]","[""+"",""+"",""+"",""-""]",80+30+23+54-30,157,30,1
