level_slug,week_number,week_type,week_title,question_type_name,set_name,set_number,question_number,digits,operators,formatted_question,answer,time_limit,difficulty
third-level,1,regular,3rd Level 1st Week,Addition/Subtraction,Set 1,10,1,"[861,28,85,166,88]","[""+"",""-"",""+"",""-""]",861+28-85+166-88,882,30,1
third-level,1,regular,3rd Level 1st Week,Addition/Subtraction,Set 1,10,2,"[446,77,120,84,20]","[""-"",""+"",""-"",""+""]",446-77+120-84+20,425,30,1
third-level,1,regular,3rd Level 1st Week,Addition/Subtraction,Set 1,10,3,"[142,12,16,100,70]","[""+"",""+"",""-"",""+""]",142+12+16-100+70,140,30,1
third-level,1,regular,3rd Level 1st Week,Addition/Subtraction,Set 1,10,4,"[213,169,160,90,68]","[""+"",""-"",""+"",""+""]",213+169-160+90+68,380,30,1
third-level,1,regular,3rd Level 1st Week,Addition/Subtraction,Set 1,10,5,"[724,65,168,160,65]","[""+"",""-"",""+"",""+""]",724+65-168+160+65,846,30,1
third-level,1,regular,3rd Level 1st Week,Addition/Subtraction,Set 1,10,6,"[551,261,80,190,55]","[""+"",""+"",""-"",""+""]",551+261+80-190+55,757,30,1
third-level,1,regular,3rd Level 1st Week,Addition/Subtraction,Set 1,10,7,"[804,66,77,530,100]","[""+"",""+"",""-"",""-""]",804+66+77-530-100,317,30,2
third-level,1,regular,3rd Level 1st Week,Addition/Subtraction,Set 1,10,8,"[6,282,150,361,92]","[""+"",""-"",""+"",""-""]",6+282-150+361-92,407,30,2
third-level,1,regular,3rd Level 1st Week,Addition/Subtraction,Set 1,10,9,"[740,95,35,190,120]","[""-"",""+"",""-"",""-""]",740-95+35-190-120,370,30,2
third-level,1,regular,3rd Level 1st Week,Addition/Subtraction,Set 1,10,10,"[120,261,76,105,205]","[""+"",""-"",""+"",""-""]",120+261-76+105-205,205,30,2
third-level,1,regular,3rd Level 1st Week,Addition/Subtraction,Set 2,20,1,"[418,130,80,160,95]","[""-"",""+"",""-"",""+""]",418-130+80-160+95,303,30,1
third-level,1,regular,3rd Level 1st Week,Addition/Subtraction,Set 2,20,2,"[550,420,88,50,125]","[""-"",""+"",""-"",""+""]",550-420+88-50+125,293,30,1
third-level,1,regular,3rd Level 1st Week,Addition/Subtraction,Set 2,20,3,"[142,550,77,200,50]","[""+"",""+"",""-"",""+""]",142+550+77-200+50,619,30,1
third-level,1,regular,3rd Level 1st Week,Addition/Subtraction,Set 2,20,4,"[450,20,100,530,500]","[""+"",""-"",""+"",""-""]",450+20-100+530-500,400,30,1
third-level,1,regular,3rd Level 1st Week,Addition/Subtraction,Set 2,20,5,"[250,80,42,220,100]","[""-"",""+"",""-"",""+""]",250-80+42-220+100,92,30,2
third-level,1,regular,3rd Level 1st Week,Addition/Subtraction,Set 2,20,6,"[120,50,100,55,60]","[""-"",""+"",""-"",""+""]",120-50+100-55+60,175,30,2
third-level,1,regular,3rd Level 1st Week,Addition/Subtraction,Set 2,20,7,"[930,60,55,60,170]","[""+"",""-"",""+"",""-""]",930+60-55+60-170,825,30,2
third-level,1,regular,3rd Level 1st Week,Addition/Subtraction,Set 2,20,8,"[120,19,139,90,60]","[""-"",""+"",""-"",""+""]",120-19+139-90+60,210,30,2
third-level,1,regular,3rd Level 1st Week,Addition/Subtraction,Set 2,20,9,"[865,92,50,79,65]","[""+"",""-"",""+"",""-""]",865+92-50+79-65,921,30,2
third-level,1,regular,3rd Level 1st Week,Addition/Subtraction,Set 2,20,10,"[124,22,32,124,214]","[""+"",""+"",""-"",""+""]",124+22+32-124+214,268,30,2
third-level,1,regular,3rd Level 1st Week,Addition/Subtraction,Set 3,30,1,"[213,123,122,121,212]","[""+"",""-"",""+"",""-""]",213+123-122+121-212,123,30,1
third-level,1,regular,3rd Level 1st Week,Addition/Subtraction,Set 3,30,2,"[313,215,125,245,365]","[""-"",""+"",""+"",""-""]",313-215+125+245-365,103,30,1
third-level,1,regular,3rd Level 1st Week,Addition/Subtraction,Set 3,30,3,"[219,178,321,245,413]","[""-"",""+"",""+"",""-""]",219-178+321+245-413,194,30,1
third-level,1,regular,3rd Level 1st Week,Addition/Subtraction,Set 3,30,4,"[513,212,316,123,145]","[""+"",""-"",""-"",""-""]",513+212-316-123-145,141,30,1
third-level,1,regular,3rd Level 1st Week,Addition/Subtraction,Set 3,30,5,"[245,103,215,121,123]","[""-"",""+"",""-"",""+""]",245-103+215-121+123,359,30,1
third-level,1,regular,3rd Level 1st Week,Addition/Subtraction,Set 3,30,6,"[256,145,236,245,103]","[""-"",""+"",""-"",""+""]",256-145+236-245+103,205,30,1
third-level,1,regular,3rd Level 1st Week,Addition/Subtraction,Set 3,30,7,"[478,312,145,236,351]","[""-"",""+"",""+"",""-""]",478-312+145+236-351,196,30,2
third-level,1,regular,3rd Level 1st Week,Addition/Subtraction,Set 3,30,8,"[325,125,122,213,412]","[""-"",""+"",""+"",""-""]",325-125+122+213-412,123,30,2
third-level,1,regular,3rd Level 1st Week,Addition/Subtraction,Set 3,30,9,"[913,745,222,145,122]","[""-"",""+"",""-"",""+""]",913-745+222-145+122,367,30,2
third-level,1,regular,3rd Level 1st Week,Addition/Subtraction,Set 3,30,10,"[563,215,615,125,122]","[""+"",""-"",""+"",""-""]",563+215-615+125-122,166,30,2
third-level,1,regular,3rd Level 1st Week,Addition/Subtraction,Set 4,40,1,"[123,122,123,145,211]","[""+"",""-"",""+"",""+""]",123+122-123+145+211,478,30,1
third-level,1,regular,3rd Level 1st Week,Addition/Subtraction,Set 4,40,2,"[123,215,211,412,319]","[""+"",""-"",""+"",""-""]",123+215-211+412-319,220,30,1
third-level,1,regular,3rd Level 1st Week,Addition/Subtraction,Set 4,40,3,"[235,212,125,111,124]","[""-"",""+"",""+"",""-""]",235-212+125+111-124,135,30,1
third-level,1,regular,3rd Level 1st Week,Addition/Subtraction,Set 4,40,4,"[615,215,413,214,123]","[""-"",""+"",""-"",""-""]",615-215+413-214-123,476,30,1
third-level,1,regular,3rd Level 1st Week,Addition/Subtraction,Set 4,40,5,"[211,312,215,123,214]","[""+"",""-"",""+"",""-""]",211+312-215+123-214,217,30,1
third-level,1,regular,3rd Level 1st Week,Addition/Subtraction,Set 4,40,6,"[425,123,245,122,322]","[""+"",""-"",""+"",""-""]",425+123-245+122-322,103,30,1
third-level,1,regular,3rd Level 1st Week,Addition/Subtraction,Set 4,40,7,"[412,215,312,125,122]","[""+"",""-"",""+"",""-""]",412+215-312+125-122,318,30,2
third-level,1,regular,3rd Level 1st Week,Addition/Subtraction,Set 4,40,8,"[236,125,125,231,325]","[""-"",+"",""+"",""-""]",236-125+125+231-325,142,30,2
third-level,1,regular,3rd Level 1st Week,Addition/Subtraction,Set 4,40,9,"[236,125,223,216,215]","[""-"",""+"",""-"",""+""]",236-125+223-216+215,333,30,2
third-level,1,regular,3rd Level 1st Week,Addition/Subtraction,Set 4,40,10,"[312,213,125,122,115]","[""-"",""+"",""-"",""+""]",312-213+125-122+115,217,30,2
