level_slug,week_number,week_type,week_title,question_type_name,set_name,set_number,question_number,digits,operators,formatted_question,answer,time_limit,difficulty
fourth-level,1,regular,4th Level 1st Week,Addition/Subtraction,Set 1,10,1,"[1234,1121,2134,1222,2121]","[""-"",""+"",""+"",""-""]",1234-1121+2134+1222-2121,1348,30,1
fourth-level,1,regular,4th Level 1st Week,Addition/Subtraction,Set 1,10,2,"[4352,2134,1265,1122,3175]","[""-"",""+"",""-"",""+""]","4352-213+,1265-1122+3175",5536,30,1
fourth-level,1,regular,4th Level 1st Week,Addition/Subtraction,Set 1,10,3,"[5436,2354,1232,4532,4123]","[""-"",""+"",""-"",""+""]",5436-2354+1232-4532+4123,3905,30,2
fourth-level,1,regular,4th Level 1st Week,Addition/Subtraction,Set 1,10,4,"[2132,1567,1657,3214,2122]","[""+"",""-"",""+"",""-""]",2132+1567-1657+3214-2122,3134,30,2
fourth-level,1,regular,4th Level 1st Week,Addition/Subtraction,Set 1,10,5,"[5678,4323,1786,2135,1896]","[""-"",""+"",""+"",""-""]",5678-4323+1786+2135-1896,3380,30,2
fourth-level,1,regular,4th Level 1st Week,Addition/Subtraction,Set 1,10,6,"[5643,2134,2122,7121,6543]","[""-"",""+"",""+"",""-""]",5643-2134+2122+7121-6543,6209,30,1
fourth-level,1,regular,4th Level 1st Week,Addition/Subtraction,Set 1,10,7,"[4563,3124,1253,3241,1254]","[""-"",""+"",""+"",""-""]",4563-3124+1253+3241-1254,4679,30,1
fourth-level,1,regular,4th Level 1st Week,Addition/Subtraction,Set 1,10,8,"[6754,3452,1925,2134,2210]","[""-"",""+"",""+"",""-""]",6754-3452+1925+2134-2210,5151,30,3
fourth-level,1,regular,4th Level 1st Week,Addition/Subtraction,Set 1,10,9,"[2134,4566,5134,7187,5234]","[""+"",""-"",""+"",""-""]",2134+4566-5134+7187-5234,3519,30,3
fourth-level,1,regular,4th Level 1st Week,Addition/Subtraction,Set 1,10,10,"[4536,1212,7685,3452,1283]","[""+"",""-"",""+"",""+""]",4536+1212-7685+3452+1283,2825,30,3
fourth-level,1,regular,4th Level 1st Week,Addition/Subtraction,Set 2,20,1,"[1234,5432,3425,1235,1222]","[""+"",""-"",""-"",""+""]",1234+5432-3425-1235+1222,3198,30,1
fourth-level,1,regular,4th Level 1st Week,Addition/Subtraction,Set 2,20,2,"[3452,1254,1001,2345,1243]","[""-"",""-"",""+"",""+""]",3452-1254-1001+2345+1243,4785,30,1
fourth-level,1,regular,4th Level 1st Week,Addition/Subtraction,Set 2,20,3,"[3498,1876,5423,4563,1870]","[""-"",""+"",""-"",""+""]",3498-1876+5423-4563+1870,4352,30,2
fourth-level,1,regular,4th Level 1st Week,Addition/Subtraction,Set 2,20,4,"[4563,3217,8129,7123,2135]","[""-"",""+"",""-"",""+""]",4563-3217+8129-7123+2135,4487,30,2
fourth-level,1,regular,4th Level 1st Week,Addition/Subtraction,Set 2,20,5,"[6754,2364,1287,2133,1254]","[""-"",""+"",""-"",""+""]",6754-2364+1287-2133+1254,4798,30,2
fourth-level,1,regular,4th Level 1st Week,Addition/Subtraction,Set 2,20,6,"[5123,3254,1256,1109,7654]","[""-"",""+"",""-"",""+""]",5123-3254+1256-1109+7654,9672,30,1
fourth-level,1,regular,4th Level 1st Week,Addition/Subtraction,Set 2,20,7,"[4567,2134,1235,1001,1221]","[""-"",""+"",""-"",""-""]",4567-2134+1235-1001-1221,3888,30,1
fourth-level,1,regular,4th Level 1st Week,Addition/Subtraction,Set 2,20,8,"[8790,7645,1654,3245,2130]","[""-"",""+"",""+"",""-""]",8790-7645+1654+3245-2130,3914,30,3
fourth-level,1,regular,4th Level 1st Week,Addition/Subtraction,Set 2,20,9,"[7656,6543,1267,2134,1226]","[""-"",""+"",""+"",""-""]",7656-6543+1267+2134-1226,3288,30,3
fourth-level,1,regular,4th Level 1st Week,Addition/Subtraction,Set 2,20,10,"[3498,2434,1287,1107,2315]","[""-"",""+"",""-"",""+""]",3498-2434+1287-1107+2315,3559,30,3
fourth-level,1,regular,4th Level 1st Week,Addition/Subtraction,Set 3,30,1,"[4563,2387,1287,2134,1225]","[""-"",""+"",""+"",""-""]",4563-2387+1287+2134-1225,4372,30,1
fourth-level,1,regular,4th Level 1st Week,Addition/Subtraction,Set 3,30,2,"[2345,1234,5463,4325,1267]","[""-"",""+"",""-"",""+""]",2345-1234+5463-4325+1267,3516,30,1
fourth-level,1,regular,4th Level 1st Week,Addition/Subtraction,Set 3,30,3,"[2312,4567,1234,4532,2345]","[""-"",""+"",""+"",""+""]",2312-4567+1234+4532+2345,5856,30,2
fourth-level,1,regular,4th Level 1st Week,Addition/Subtraction,Set 3,30,4,"[5467,2345,2134,4356,3456]","[""-"",""+"",""+"",""-""]",5467-2345+2134+4356-3456,6156,30,2
fourth-level,1,regular,4th Level 1st Week,Addition/Subtraction,Set 3,30,5,"[3245,1222,2134,2111,3214]","[""+"",""-"",""+"",""+""]",3245+1222-2134+2111+3214,7658,30,2
fourth-level,1,regular,4th Level 1st Week,Addition/Subtraction,Set 3,30,6,"[5789,4566,2345,1239,3213]","[""-"",""+"",""-"",""+""]",5789-4566+2345-1239+3213,6542,30,1
fourth-level,1,regular,4th Level 1st Week,Addition/Subtraction,Set 3,30,7,"[9876,8675,1289,3245,3128]","[""-"",""+"",""+"",""-""]",9876-8675+1289+3245-3128,2607,30,1
fourth-level,1,regular,4th Level 1st Week,Addition/Subtraction,Set 3,30,8,"[5674,3245,1289,2321,2344]","[""-"",""+"",""+"",""+""]",5674-3245+1289+2321+2344,8383,30,3
fourth-level,1,regular,4th Level 1st Week,Addition/Subtraction,Set 3,30,9,"[7645,3456,5432,2318,3452]","[""-"",""+"",""+"",""-""]",7645-3456+5432+2318-3452,8487,30,3
fourth-level,1,regular,4th Level 1st Week,Addition/Subtraction,Set 3,30,10,"[3456,1253,6754,4387,1287]","[""-"",""+"",""-"",""+""]",3456-1253+6754-4387+1287,5857,30,3
fourth-level,1,regular,4th Level 1st Week,Addition/Subtraction,Set 4,40,1,"[2134,1221,2345,1243,2256]","[""-"",""+"",""-"",""+""]",2134-1221+2345-1243+2256,4271,30,1
fourth-level,1,regular,4th Level 1st Week,Addition/Subtraction,Set 4,40,2,"[6879,4536,2176,3765,3564]","[""-"",""+"",""-"",""+""]",6879-4536+2176-3765+3564,4318,30,1
fourth-level,1,regular,4th Level 1st Week,Addition/Subtraction,Set 4,40,3,"[2134,1567,3452,5467,3452]","[""-"",""+"",""+"",""-""]",2134-1567+3452+5467-3452,6034,30,2
fourth-level,1,regular,4th Level 1st Week,Addition/Subtraction,Set 4,40,4,"[5674,3452,1234,1087,4322]","[""-"",""+"",""-"",""+""]",5674-3452+1234-1087+4322,6691,30,2
fourth-level,1,regular,4th Level 1st Week,Addition/Subtraction,Set 4,40,5,"[5434,3476,2137,2234,3214]","[""-"",""+"",""+"",""-""]",5434-3476+2137+2234-3214,3115,30,2
fourth-level,1,regular,4th Level 1st Week,Addition/Subtraction,Set 4,40,6,"[8769,3456,5178,4359,2178]","[""-"",""+"",""-"",""+""]",8769-3456+5178-4359+2178,8310,30,1
fourth-level,1,regular,4th Level 1st Week,Addition/Subtraction,Set 4,40,7,"[5467,3452,3245,23871672]","[""-"",""+"",""-"",""+""]",5467-3452+3245-2387+1672,4545,30,1
fourth-level,1,regular,4th Level 1st Week,Addition/Subtraction,Set 4,40,8,"[8945,4563,3456,2365,345]","[""-"",""+"",""-"",""+""]",8945-4563+3456-2365+345,5818,30,3
fourth-level,1,regular,4th Level 1st Week,Addition/Subtraction,Set 4,40,9,"[6743,2345,9087,8796,3425]","[""-"",""+"",""-"",""+""]",6743-2345+9087-8796+3425,8114,30,3
fourth-level,1,regular,4th Level 1st Week,Addition/Subtraction,Set 4,40,10,"[6745,3453,2341,1276,2231]","[""-"",""+"",""-"",""+""]",6745-3453+2341-1276+2231,6588,30,3
