level_slug,week_number,week_type,week_title,question_type_name,set_name,set_number,question_number,digits,operators,formatted_question,answer,time_limit,difficulty
beginner-level,1,regular,Beginner 1st Week,Addition/Subtraction,Set 1,10,1,"[2,2,5,2,5]","[""+"",""+"",""-"",""-""]",2+2+5-2-5,2,10,1
beginner-level,1,regular,Beginner 1st Week,Addition/Subtraction,Set 1,10,2,"[3,2,1,1,5]","[""-"",""+"",""-"",""+""]",3-2+1-1+5,6,10,1
beginner-level,1,regular,Beginner 1st Week,Addition/Subtraction,Set 1,10,3,"[4,5,1,2,1]","[""+"",""-"",""-"",""+""]",4+5-1-2+1,7,10,2
beginner-level,1,regular,Beginner 1st Week,Addition/Subtraction,Set 1,10,4,"[2,1,2,1,5]","[""+"",""-"",""+"",""+""]",2+1-2+1+5,7,10,2
beginner-level,1,regular,Beginner 1st Week,Addition/Subtraction,Set 1,10,5,"[6,2,3,2,1]","[""+"",""-"",""+"",""+""]",6+2-3+2+1,8,10,2
beginner-level,1,regular,Beginner 1st Week,Addition/Subtraction,Set 1,10,6,"[5,3,1,2,3]","[""+"",""-"",""-"",""+""]",5+3-1-2+3,8,10,1
beginner-level,1,regular,Beginner 1st Week,Addition/Subtraction,Set 1,10,7,"[4,1,5,1,9]","[""-"",""+"",""+"",""-""]",4-1+5+1-9,0,10,1
beginner-level,1,regular,Beginner 1st Week,Addition/Subtraction,Set 1,10,8,"[8,3,5,2,5]","[""-"",""-"",""+"",""+""]",8-3-5+2+5,7,10,3
beginner-level,1,regular,Beginner 1st Week,Addition/Subtraction,Set 1,10,9,"[9,4,1,3,9]","[""-"",""+"",""+"",""-""]",9-4+1+3-9,0,10,3
beginner-level,1,regular,Beginner 1st Week,Addition/Subtraction,Set 1,10,10,"[8,3,2,1,5]","[""-"",""+"",""+"",""-""]",8-3+2+1-5,3,10,3
beginner-level,1,regular,Beginner 1st Week,Addition/Subtraction,Set 2,20,1,"[8,8,2,1,5]","[""-"",""+"",""+"",""6""]",2+2+5-2-5,8,10,1
beginner-level,1,regular,Beginner 1st Week,Addition/Subtraction,Set 2,20,2,"[6,2,6,5,2]","[""+"",""-"",""+"",""+""]",3-2+1-1+5,9,10,1
beginner-level,1,regular,Beginner 1st Week,Addition/Subtraction,Set 2,20,3,"[9,5,3,1,5]","[""-"",""-"",""+"",""+""]",4+5-1-2+1,7,10,2
beginner-level,1,regular,Beginner 1st Week,Addition/Subtraction,Set 2,20,4,"[3,1,3,5,6]","[""+"",""-"",""+"",""-""]",2+1-2+1+5,0,10,2
beginner-level,1,regular,Beginner 1st Week,Addition/Subtraction,Set 2,20,5,"[7,5,1,2,5]","[""-"",""+"",""-"",""+""]",6+2-3+2+1,6,10,2
beginner-level,1,regular,Beginner 1st Week,Addition/Subtraction,Set 2,20,6,"[4,5,3,2,7]","[""+"",""-"",""+"",""-""]",5+3-1-2+3,1,10,1
beginner-level,1,regular,Beginner 1st Week,Addition/Subtraction,Set 2,20,7,"[7,2,3,6,1]","[""-"",""+"",""+"",""-""]",4-1+5+1-9,3,10,1
beginner-level,1,regular,Beginner 1st Week,Addition/Subtraction,Set 2,20,8,"[8,3,2,1,3]","[""-"",""+"",""-"",""+""]",8-3-5+2+5,9,10,3
beginner-level,1,regular,Beginner 1st Week,Addition/Subtraction,Set 2,20,9,"[9,3,1,6,3]","[""-"",""+"",""-"",""+""]",9-4+1+3-9,4,10,3
beginner-level,1,regular,Beginner 1st Week,Addition/Subtraction,Set 2,20,10,"[6,5,3,2,5]","[""-"",""+"",""-"",""+""]",8-3+2+1-5,7,10,3
beginner-level,2,regular,Beginner 2nd Week,Addition/Subtraction,Set 1,10,1,"[18,1,3,2,8]","[""+"",""-"",""+"",""-""]",18+1-3+1-8,10,10,1
beginner-level,2,regular,Beginner 2nd Week,Addition/Subtraction,Set 1,10,2,"[17,2,3,1,2]","[""+"",""-"",""+"",""+""]",17+2-3+1+2,19,10,1
beginner-level,2,regular,Beginner 2nd Week,Addition/Subtraction,Set 1,10,3,"[14,3,6,2,5]","[""-"",""+"",""-"",""-""]",14-3+6-2-5,10,10,2
beginner-level,2,regular,Beginner 2nd Week,Addition/Subtraction,Set 1,10,4,"[19,2,1,7,3]","[""-"",""+"",""-"",""+""]",19-2+1-7+3,14,10,2
beginner-level,2,regular,Beginner 2nd Week,Addition/Subtraction,Set 1,10,5,"[16,1,3,2,1]","[""-"",""+"",""-"",""+""]",16-1+3-2+1,17,10,2
beginner-level,2,regular,Beginner 2nd Week,Addition/Subtraction,Set 1,10,6,"[16,2,3,4,2]","[""+"",""-"",""+"",""-""]",16+2-3+4-2,17,10,1
beginner-level,2,regular,Beginner 2nd Week,Addition/Subtraction,Set 1,10,7,"[18,3,2,1,3]","[""+"",""-"",""+"",""-""]",18-3+2+1-3,15,10,1
beginner-level,2,regular,Beginner 2nd Week,Addition/Subtraction,Set 1,10,8,"[15,1,6,2,5]","[""+"",""-"",""+"",""+""]",15+1-6+2+5,17,10,3
beginner-level,2,regular,Beginner 2nd Week,Addition/Subtraction,Set 1,10,9,"[19,4,3,2,1]","[""-"",""+"",""-"",""+""]",19-4+3-2+1,17,10,3
beginner-level,2,regular,Beginner 2nd Week,Addition/Subtraction,Set 1,10,10,"[15,2,1,3,9]","[""+"",""-"",""+"",""-""]",15+2-1+3-9,10,10,3
beginner-level,2,regular,Beginner 2nd Week,Addition/Subtraction,Set 2,20,1,"[17,1,3,2,7]","[""-"",""-"",""+"",""-""]",17-1-3+2-7,10,10,3
beginner-level,2,regular,Beginner 2nd Week,Addition/Subtraction,Set 2,20,2,"[19,8,2,5,3]","[""-"",""+"",""+"",""-""]",19-8+2+5-3,15,10,3
beginner-level,2,regular,Beginner 2nd Week,Addition/Subtraction,Set 2,20,3,"[17,2,3,2,3]","[""-"",""+"",""-"",""+""]",17-2+3-2+3,19,10,3
beginner-level,2,regular,Beginner 2nd Week,Addition/Subtraction,Set 2,20,4,"[19,9,2,1,5]","[""-"",""+"",""-"",""+""]",19-9+2-1+5,16,10,3
beginner-level,2,regular,Beginner 2nd Week,Addition/Subtraction,Set 2,20,5,"[16,1,3,2,2]","[""-"",""+"",""-"",""+""]",16-1+3-2+2,18,10,3
beginner-level,2,regular,Beginner 2nd Week,Addition/Subtraction,Set 2,20,6,"[18,3,2,1,3]","[""-"",""+"",""+"",""-""]",18-3+2+1-3,15,10,3
beginner-level,2,regular,Beginner 2nd Week,Addition/Subtraction,Set 2,20,7,"[16,1,7,5,3]","[""+"",""-"",""+"",""+""]",16+1-7+5+3,18,10,3
beginner-level,2,regular,Beginner 2nd Week,Addition/Subtraction,Set 2,20,8,"[18,7,2,1,4]","[""-"",""+"",""+"",""-""]",18-7+2+1-4,10,10,3
beginner-level,2,regular,Beginner 2nd Week,Addition/Subtraction,Set 2,20,9,"[19,2,1,7,3]","[""-"",""+"",""-"",""+""]",19-2+1-7+3,14,10,3
beginner-level,2,regular,Beginner 2nd Week,Addition/Subtraction,Set 2,20,10,"[13,6,7,2,3]","[""+"",""-"",""+"",""-""]",13+6-7+2-3,11,10,3
