level_slug,week_number,week_type,week_title,question_type_name,set_name,set_number,question_number,digits,operators,formatted_question,answer,time_limit,difficulty
elementary-level,1,regular,Elementry 1st Week,Addition/Subtraction,Set 1,10,1,"[9,3,2,1,8]","[""-"",""+"",""+"",""-""]",9-3+2+1-8,1,10,3
elementary-level,1,regular,Elementry 1st Week,Addition/Subtraction,Set 1,10,2,"[7,2,3,1,9]","[""-"",""+"",""+"",""-""]",7-2+3+1-9,0,10,3
elementary-level,1,regular,Elementry 1st Week,Addition/Subtraction,Set 1,10,3,"[6,2,1,2,3]","[""+"",""-"",""+"",""-""]",6+2-1+2-3,6,10,3
elementary-level,1,regular,Elementry 1st Week,Addition/Subtraction,Set 1,10,4,"[7,5,1,5,1]","[""-"",""+"",""+"",""+""]",7-5+1+5+1,9,10,3
elementary-level,1,regular,Elementry 1st Week,Addition/Subtraction,Set 1,10,5,"[8,3,4,7,1]","[""-"",""+"",""-"",""+""]",8-3+4-7+1,3,10,3
elementary-level,1,regular,Elementry 1st Week,Addition/Subtraction,Set 1,10,6,"[6,1,6,2,1]","[""+"",""-"",""+"",""+""]",6+1-6+2+1,4,10,3
elementary-level,1,regular,Elementry 1st Week,Addition/Subtraction,Set 1,10,7,"[5,2,1,3,1]","[""+"",""+"",""-"",""+""]",5+2+1-3+1,6,10,3
elementary-level,1,regular,Elementry 1st Week,Addition/Subtraction,Set 1,10,8,"[7,2,3,2,3]","[""-"",""+"",""-"",""+""]",7-2+3-2+3,9,10,3
elementary-level,1,regular,Elementry 1st Week,Addition/Subtraction,Set 1,10,9,"[4,5,9,2,1]","[""+"",""-"",""+"",""+""]",4+5-9+2+1,3,10,3
elementary-level,1,regular,Elementry 1st Week,Addition/Subtraction,Set 1,10,10,"[6,3,1,5,6]","[""+"",""-"",""-"",""+""]",6+3-1-5+6,9,10,3
elementary-level,1,regular,Elementry 1st Week,Addition/Subtraction,Set 2,20,1,"[6,1,2,2,7]","[""-"",""+"",""+"",""-""]",6-1+2+2-7,2,10,3
elementary-level,1,regular,Elementry 1st Week,Addition/Subtraction,Set 2,20,2,"[7,2,1,3,8]","[""-"",""+"",""+"",""-""]",7-2+1+3-8,1,10,3
elementary-level,1,regular,Elementry 1st Week,Addition/Subtraction,Set 2,20,3,"[6,2,2,3,9]","[""+"",""-"",""+"",""-""]",6+2-2+3-9,0,10,3
elementary-level,1,regular,Elementry 1st Week,Addition/Subtraction,Set 2,20,4,"[5,4,3,1,2]","[""+"",""-"",""+"",""+""]",5+4-3+1+2,9,10,3
elementary-level,1,regular,Elementry 1st Week,Addition/Subtraction,Set 2,20,5,"[2,5,1,3,2]","[""+"",""-"",""+"",""-""]",2+5-1+3-2,7,10,3
elementary-level,1,regular,Elementry 1st Week,Addition/Subtraction,Set 2,20,6,"[7,6,3,4,9]","[""-"",""+"",""-"",""+""]",7-6+3-4+9,9,10,3
elementary-level,1,regular,Elementry 1st Week,Addition/Subtraction,Set 2,20,7,"[9,2,1,7,3]","[""-"",""+"",""-"",""+""]",9-2+1-7+3,4,10,3
elementary-level,1,regular,Elementry 1st Week,Addition/Subtraction,Set 2,20,8,"[4,5,4,2,2]","[""+"",""-"",""+"",""+""]",4+5-4+2+2,9,10,3
elementary-level,1,regular,Elementry 1st Week,Addition/Subtraction,Set 2,20,9,"[8,3,2,1,5]","[""-"",""+"",""+"",""-""]",8-3+2+1-5,3,10,3
elementary-level,1,regular,Elementry 1st Week,Addition/Subtraction,Set 2,20,10,"[5,2,2,3,1]","[""+"",""+"",""-"",""+""]",5+2+2-3+1,7,10,3
