level_slug,week_number,week_type,week_title,question_type_name,set_name,set_number,question_number,digits,operators,formatted_question,answer,time_limit,difficulty
intermediate-level,1,regular,Intermediate 1st Week,Addition/Subtraction,Set 1,10,1,"[2,2,1,3,1]","[""+"",""+"",""+"",""+""]",2+2+1+3+1,9,10,3
intermediate-level,1,regular,Intermediate 1st Week,Addition/Subtraction,Set 1,10,2,"[2,5,5,2,1]","[""+"",""-"",""+"",""+""]",2+5-5+2+1,5,10,3
intermediate-level,1,regular,Intermediate 1st Week,Addition/Subtraction,Set 1,10,3,"[4,3,3,1,4]","[""-"",""+"",""+"",""+""]",4-3+3+1+4,9,10,3
intermediate-level,1,regular,Intermediate 1st Week,Addition/Subtraction,Set 1,10,4,"[5,4,9,4,1]","[""+"",""-"",""+"",""+""]",5+4-9+4+1,5,10,3
intermediate-level,1,regular,Intermediate 1st Week,Addition/Subtraction,Set 1,10,5,"[2,2,1,5,7]","[""+"",""+"",""-"",""+""]",2+2+1-5+7,7,10,3
intermediate-level,1,regular,Intermediate 1st Week,Addition/Subtraction,Set 1,10,6,"[1,3,1,4,2]","[""+"",""+"",""+"",""-""]",1+3+1+4-2,7,10,3
intermediate-level,1,regular,Intermediate 1st Week,Addition/Subtraction,Set 1,10,7,"[1,1,1,1,1]","[""+"",""+"",""+"",""+""]",1+1+1+1+1,5,10,3
intermediate-level,1,regular,Intermediate 1st Week,Addition/Subtraction,Set 1,10,8,"[4,1,2,2,2]","[""+"",""+"",""+"",""-""]",4+1+2+2-2,7,10,3
intermediate-level,1,regular,Intermediate 1st Week,Addition/Subtraction,Set 1,10,9,"[2,2,1,5,2]","[""+"",""+"",""-"",""+""]",2+2+1-5+2,2,10,3
intermediate-level,1,regular,Intermediate 1st Week,Addition/Subtraction,Set 1,10,10,"[5,4,9,4,1]","[""+"",""-"",""+"",""+""]",5+4-9+4+1,5,10,3
intermediate-level,1,regular,Intermediate 1st Week,Addition/Subtraction,Set 2,20,11,"[4,5,5,1,2]","[""+"",""-"",""+"",""+""]",4+5-5+1+2,7,10,3
intermediate-level,1,regular,Intermediate 1st Week,Addition/Subtraction,Set 2,20,12,"[7,2,5,1,3]","[""+"",""-"",""+"",""+""]",7+2-5+1+3,8,10,3
intermediate-level,1,regular,Intermediate 1st Week,Addition/Subtraction,Set 2,20,13,"[8,5,1,1,4]","[""-"",""+"",""+"",""+""]",8-5+1+1+4,9,10,3
intermediate-level,1,regular,Intermediate 1st Week,Addition/Subtraction,Set 2,20,14,"[9,5,1,2,2]","[""-"",""+"",""+"",""+""]",9-5+1+2+2,9,10,3
intermediate-level,1,regular,Intermediate 1st Week,Addition/Subtraction,Set 2,20,15,"[6,5,3,1,1]","[""-"",""+"",""+"",""+""]",6-5+3+1+1,6,10,3
intermediate-level,1,regular,Intermediate 1st Week,Addition/Subtraction,Set 2,20,16,"[7,6,3,1,4]","[""-"",""+"",""+"",""+""]",7-6+3+1+4,9,10,3
intermediate-level,1,regular,Intermediate 1st Week,Addition/Subtraction,Set 2,20,17,"[8,7,3,1,3]","[""-"",""+"",""+"",""+""]",8-7+3+1+3,8,10,3
intermediate-level,1,regular,Intermediate 1st Week,Addition/Subtraction,Set 2,20,18,"[4,1,3,7,2]","[""+"",""+"",""-"",""+""]",4+1+3-7+2,3,10,3
intermediate-level,1,regular,Intermediate 1st Week,Addition/Subtraction,Set 2,20,19,"[9,5,1,2,2]","[""-"",""+"",""+"",""+""]",9-5+1+2+2,9,10,3
intermediate-level,1,regular,Intermediate 1st Week,Addition/Subtraction,Set 2,20,20,"[9,8,3,1,1]","[""-"",""+"",""+"",""+""]",9-8+3+1+1,6,10,3
intermediate-level,1,regular,Intermediate 1st Week,Addition/Subtraction,Set 3,30,21,"[2,1,2,4,9]","[""+"",""+"",""+"",""-""]",2+1+2+4-9,0,10,3
intermediate-level,1,regular,Intermediate 1st Week,Addition/Subtraction,Set 3,30,22,"[1,3,2,2,1]","[""+"",""+"",""+"",""+""]",1+3+2+2+1,9,10,3
intermediate-level,1,regular,Intermediate 1st Week,Addition/Subtraction,Set 3,30,23,"[5,4,9,3,2]","[""+"",""-"",""+"",""+""]",5+4-9+3+2,5,10,3
intermediate-level,1,regular,Intermediate 1st Week,Addition/Subtraction,Set 3,30,24,"[2,2,4,3,2]","[""+"",""-"",""+"",""+""]",2+2-4+3+2,5,10,3
intermediate-level,1,regular,Intermediate 1st Week,Addition/Subtraction,Set 3,30,25,"[5,3,8,3,2]","[""+"",""-"",""+"",""+""]",5+3-8+3+2,5,10,3
intermediate-level,1,regular,Intermediate 1st Week,Addition/Subtraction,Set 3,30,26,"[5,4,9,4,2]","[""+"",""-"",""+"",""+""]",5+4-9+4+2,6,10,3
intermediate-level,1,regular,Intermediate 1st Week,Addition/Subtraction,Set 3,30,27,"[7,2,5,2,1]","[""+"",""-"",""+"",""+""]",7+2-5+2+1,7,10,3
intermediate-level,1,regular,Intermediate 1st Week,Addition/Subtraction,Set 3,30,28,"[8,3,5,4,2]","[""-"",""-"",""+"",""+""]",8-3-5+4+2,6,10,3
intermediate-level,1,regular,Intermediate 1st Week,Addition/Subtraction,Set 3,30,29,"[6,5,3,2,2]","[""+"",""-"",""+"",""+""]",6-5+3+2+2,8,10,3
intermediate-level,1,regular,Intermediate 1st Week,Addition/Subtraction,Set 3,30,30,"[5,4,8,2,2]","[""+"",""-"",""+"",""+""]",5+4-8+2+2,5,10,3
