level_slug,week_number,week_type,week_title,question_type_name,set_name,set_number,question_number,digits,operators,formatted_question,answer,time_limit,difficulty
beginner-level,1,regular,Beginner 1st Week,Addition/Subtraction,mSet4,30,1,"[3,4]","[""+""]",3 + 4,7,5,1
beginner-level,1,regular,Beginner 1st Week,Addition/Subtraction,mSet4,30,2,"[5,2,4]","[""-"",""+""]",5-2+4,7,5,1
beginner-level,1,regular,Beginner 1st Week,Addition/Subtraction,mSet4,30,3,"[7,3,2]","[""+"",""-""]",7 + 3 - 2,8,5,2
beginner-level,1,regular,Beginner 1st Week,Multiplication,mSet5,40,1,"[3,4]","[""*""]",3 × 4,12,5,2
beginner-level,1,regular,Beginner 1st Week,Multiplication,mSet5,40,2,"[5,6]","[""*""]",5 × 6,30,5,2
beginner-level,1,multiplication,Beginner 1st Week,Multiplication,mSet5,40,3,"[2,3]","[""*""]",2 × 3,6,5,1
beginner-level,1,multiplication,Beginner 1st Week,Multiplication,mSet5,40,4,"[4,5]","[""*""]",4 × 5,20,5,1
beginner-level,1,regular,Beginner 1st Week,Multiplication,mSet5,40,5,"[12,3]","[""/""]",12 ÷ 3,4,5,3
beginner-level,1,regular,Beginner 1st Week,Multiplication,mSet5,40,6,"[20,4]","[""/""]",20 ÷ 4,5,5,3
