level_slug,week_number,week_type,week_title,question_type_name,set_name,set_number,question_number,digits,operators,formatted_question,answer,time_limit,difficulty
beginner-level,1,regular,Beginner 1st Week,Addition/Subtraction,Set 1,10,1,"[2,2,5,2,5]","[""+"",""+"",""-"",""-""]",2+2+5-2-5,2,5,1
beginner-level,1,regular,Beginner 1st Week,Addition/Subtraction,Set 1,10,2,"[3,2,1,1,5]","[""-"",""+"",""-"",""+""]",3-2+1-1+5,6,5,1
beginner-level,1,regular,Beginner 1st Week,Addition/Subtraction,Set 1,10,3,"[4,5,1,2,1]","[""+"",""-"",""-"",""+""]",4+5-1-2+1,7,5,2
beginner-level,1,regular,Beginner 1st Week,Addition/Subtraction,Set 1,10,4,"[2,1,2,1,5]","[""+"",""-"",""+"",""+""]",2+1-2+1+5,7,5,2
beginner-level,1,regular,Beginner 1st Week,Addition/Subtraction,Set 1,10,5,"[6,2,3,2,1]","[""+"",""-"",""+"",""+""]",6+2-3+2+1,8,5,2
beginner-level,1,regular,Beginner 1st Week,Addition/Subtraction,Set 1,10,6,"[5,3,1,2,3]","[""+"",""-"",""-"",""+""]",5+3-1-2+3,8,5,1
beginner-level,1,regular,Beginner 1st Week,Addition/Subtraction,Set 1,10,7,"[4,1,5,1,9]","[""-"",""+"",""+"",""-""]",4-1+5+1-9,0,5,1
beginner-level,1,regular,Beginner 1st Week,Addition/Subtraction,Set 1,10,8,"[8,3,5,2,5]","[""-"",""-"",""+"",""+""]",8-3-5+2+5,7,5,3
beginner-level,1,regular,Beginner 1st Week,Addition/Subtraction,Set 1,10,9,"[9,4,1,3,9]","[""-"",""+"",""+"",""-""]",9-4+1+3-9,0,5,3
beginner-level,1,regular,Beginner 1st Week,Addition/Subtraction,Set 1,10,10,"[8,3,2,1,5]","[""-"",""+"",""+"",""-""]",8-3+2+1-5,3,5,3
beginner-level,1,regular,Beginner 1st Week,Addition/Subtraction,Set 2,20,1,"[8,8,2,1,5]","[""-"",""+"",""+"",""6""]",2+2+5-2-5,8,5,1
beginner-level,1,regular,Beginner 1st Week,Addition/Subtraction,Set 2,20,2,"[6,2,6,5,2]","[""+"",""-"",""+"",""+""]",3-2+1-1+5,9,5,1
beginner-level,1,regular,Beginner 1st Week,Addition/Subtraction,Set 2,20,3,"[9,5,3,1,5]","[""-"",""-"",""+"",""+""]",4+5-1-2+1,7,5,2
beginner-level,1,regular,Beginner 1st Week,Addition/Subtraction,Set 2,20,4,"[3,1,3,5,6]","[""+"",""-"",""+"",""-""]",2+1-2+1+5,0,5,2
beginner-level,1,regular,Beginner 1st Week,Addition/Subtraction,Set 2,20,5,"[7,5,1,2,5]","[""-"",""+"",""-"",""+""]",6+2-3+2+1,6,5,2
beginner-level,1,regular,Beginner 1st Week,Addition/Subtraction,Set 2,20,6,"[4,5,3,2,7]","[""+"",""-"",""+"",""-""]",5+3-1-2+3,1,5,1
beginner-level,1,regular,Beginner 1st Week,Addition/Subtraction,Set 2,20,7,"[7,2,3,6,1]","[""-"",""+"",""+"",""-""]",4-1+5+1-9,3,5,1
beginner-level,1,regular,Beginner 1st Week,Addition/Subtraction,Set 2,20,8,"[8,3,2,1,3]","[""-"",""+"",""-"",""+""]",8-3-5+2+5,9,5,3
beginner-level,1,regular,Beginner 1st Week,Addition/Subtraction,Set 2,20,9,"[9,3,1,6,3]","[""-"",""+"",""-"",""+""]",9-4+1+3-9,4,5,3
beginner-level,1,regular,Beginner 1st Week,Addition/Subtraction,Set 2,20,10,"[6,5,3,2,5]","[""-"",""+"",""-"",""+""]",8-3+2+1-5,7,5,3
