level_slug,week_number,week_type,week_title,question_type_name,set_name,set_number,question_number,digits,operators,formatted_question,answer,time_limit,difficulty
elementary-level,7,regular,Elementry 7th Week,Addition/Subtraction,Set 1,10,1,"[34,3,1,2,3]","[""-"",""+"",""+"",""-""]",34-3+1+2-3,31,10,3
elementary-level,7,regular,Elementry 7th Week,Addition/Subtraction,Set 1,10,2,"[46,1,5,1,1]","[""+"",""-"",""+"",""-""]",46+1-5+1-1,42,10,3
elementary-level,7,regular,Elementry 7th Week,Addition/Subtraction,Set 1,10,3,"[48,5,1,4,5]","[""-"",""+"",""-"",""+""]",48-5+1-4+5,45,10,3
elementary-level,7,regular,Elementry 7th Week,Addition/Subtraction,Set 1,10,4,"[47,2,1,1,5]","[""-"",""+"",""+"",""-""]",47-2+1+1-5,42,10,3
elementary-level,7,regular,Elementry 7th Week,Addition/Subtraction,Set 1,10,5,"[36,1,4,5,2]","[""-"",""+"",""-"",""-""]",36-1+4-5-2,32,10,3
elementary-level,7,regular,Elementry 7th Week,Addition/Subtraction,Set 1,10,6,"[32,5,1,5,6]","[""+"",""-"",""-"",""+""]",32+5-1-5+6,37,10,3
elementary-level,7,regular,Elementry 7th Week,Addition/Subtraction,Set 1,10,7,"[37,5,1,5,1]","[""-"",""+"",""+"",""+""]",37-5+1+5+1,39,10,3
elementary-level,7,regular,Elementry 7th Week,Addition/Subtraction,Set 1,10,8,"[34,3,1,5,6]","[""-"",""+"",""+"",""-""]",34-3+1+5-6,31,10,3
elementary-level,7,regular,Elementry 7th Week,Addition/Subtraction,Set 1,10,9,"[42,6,5,1,4]","[""+"",""-"",""+"",""-""]",42+6-5+1-4,40,10,3
elementary-level,7,regular,Elementry 7th Week,Addition/Subtraction,Set 1,10,10,"[39,5,3,1,1]","[""-"",""-"",""+"",""+""]",39-5-3+1+1,33,10,3
elementary-level,7,regular,Elementry 7th Week,Addition/Subtraction,Set 2,20,1,"[33,1,5,3,2]","[""+"",""+"",""-"",""+""]",33+1+5-3+2,38,10,3
elementary-level,7,regular,Elementry 7th Week,Addition/Subtraction,Set 2,20,2,"[38,5,1,5,5]","[""-"",""+"",""+"",""-""]",38-5+1+5-5,34,10,3
elementary-level,7,regular,Elementry 7th Week,Addition/Subtraction,Set 2,20,3,"[25,1,1,5,1]","[""+"",""+"",""-"",""+""]",25+1+1-5+1,23,10,3
elementary-level,7,regular,Elementry 7th Week,Addition/Subtraction,Set 2,20,4,"[46,1,2,5,1]","[""-"",""+"",""-"",""+""]",46-1+2-5+1,43,10,3
elementary-level,7,regular,Elementry 7th Week,Addition/Subtraction,Set 2,20,5,"[48,2,1,5,2]","[""-"",""+"",""-"",""-""]",48-2+1-5-2,40,10,3
elementary-level,7,regular,Elementry 7th Week,Addition/Subtraction,Set 2,20,6,"[39,4,5,2,5]","[""-"",""-"",""+"",""+""]",39-4-5+2+5,37,10,3
elementary-level,7,regular,Elementry 7th Week,Addition/Subtraction,Set 2,20,7,"[37,2,1,3,1]","[""-"",""+"",""+"",""-""]",37-2+1+3-1,38,10,3
elementary-level,7,regular,Elementry 7th Week,Addition/Subtraction,Set 2,20,8,"[48,5,1,3,5]","[""-"",""+"",""-"",""+""]",48-5+1-3+5,46,10,3
elementary-level,7,regular,Elementry 7th Week,Addition/Subtraction,Set 2,20,9,"[42,6,5,1,4]","[""+"",""-"",""+"",""-""]",42+6-5+1-4,40,10,3
elementary-level,7,regular,Elementry 7th Week,Addition/Subtraction,Set 2,20,10,"[43,5,1,5,5]","[""+"",""+"",""-"",""+""]",43+5+1-5+5,49,10,3
