level_slug,week_number,week_type,week_title,question_type_name,set_name,set_number,question_number,digits,operators,formatted_question,answer,time_limit,difficulty
elementary-level,9,regular,Elementry 9th Week,Addition/Subtraction,Set 1,10,1,"[39,4,1,2,5]","[""-"",""+"",""+"",""-""]",39-4+1+2-5,33,10,3
elementary-level,9,regular,Elementry 9th Week,Addition/Subtraction,Set 1,10,2,"[48,5,1,3,6]","[""-"",""+"",""-"",""+""]",48-5+1-3+6,47,10,3
elementary-level,9,regular,Elementry 9th Week,Addition/Subtraction,Set 1,10,3,"[56,1,5,1,3]","[""+"",""-"",""+"",""-""]",56+1-5+1-3,50,10,3
elementary-level,9,regular,Elementry 9th Week,Addition/Subtraction,Set 1,10,4,"[67,2,1,3,5]","[""-"",""+"",""+"",""-""]",67-2+1+3-5,64,10,3
elementary-level,9,regular,Elementry 9th Week,Addition/Subtraction,Set 1,10,5,"[55,4,3,1,5]","[""+"",""-"",""+"",""-""]",55+4-3+1-5,52,10,3
elementary-level,9,regular,Elementry 9th Week,Addition/Subtraction,Set 1,10,6,"[47,5,1,3,4]","[""-"",""+"",""-"",""+""]",47-5+1-3+4,44,10,3
elementary-level,9,regular,Elementry 9th Week,Addition/Subtraction,Set 1,10,7,"[74,3,1,5,7]","[""-"",""+"",""+"",""-""]",74-3+1+5-7,70,10,3
elementary-level,9,regular,Elementry 9th Week,Addition/Subtraction,Set 1,10,8,"[66,1,4,5,5]","[""-"",""+"",""-"",""+""]",66-1+4-5+5,69,10,3
elementary-level,9,regular,Elementry 9th Week,Addition/Subtraction,Set 1,10,9,"[77,5,1,3,7]","[""-"",""+"",""-"",""+""]",77-5+1-3+7,77,10,3
elementary-level,9,regular,Elementry 9th Week,Addition/Subtraction,Set 1,10,10,"[58,5,1,3,1]","[""-"",""+"",""-"",""+""]",58-5+1-3+1,52,10,3
elementary-level,9,regular,Elementry 9th Week,Addition/Subtraction,Set 2,20,1,"[37,5,1,5,2]","[""-"",""+"",""+"",""-""]",37-5+1+5-2,36,10,3
elementary-level,9,regular,Elementry 9th Week,Addition/Subtraction,Set 2,20,2,"[46,1,5,1,5]","[""+"",""-"",""+"",""+""]",46+1-5+1+5,48,10,3
elementary-level,9,regular,Elementry 9th Week,Addition/Subtraction,Set 2,20,3,"[53,1,3,5,1]","[""+"",""-"",""+"",""-""]",53+1-3+5-1,55,10,3
elementary-level,9,regular,Elementry 9th Week,Addition/Subtraction,Set 2,20,4,"[69,5,5,4,1]","[""-"",""+"",""-"",""+""]",69-5+5-4+1,66,10,3
elementary-level,9,regular,Elementry 9th Week,Addition/Subtraction,Set 2,20,5,"[77,2,1,5,1]","[""-"",""+"",""-"",""+""]",77-2+1-5+1,72,10,3
elementary-level,9,regular,Elementry 9th Week,Addition/Subtraction,Set 2,20,6,"[72,5,2,1,3]","[""+"",""-"",""+"",""+""]",72+5-2+1+3,79,10,3
elementary-level,9,regular,Elementry 9th Week,Addition/Subtraction,Set 2,20,7,"[84,4,1,2,5]","[""-"",""+"",""+"",""+""]",84-4+1+2+5,88,10,3
elementary-level,9,regular,Elementry 9th Week,Addition/Subtraction,Set 2,20,8,"[66,1,2,5,1]","[""-"",""+"",""-"",""+""]",66-1+2-5+1,63,10,3
elementary-level,9,regular,Elementry 9th Week,Addition/Subtraction,Set 2,20,9,"[79,5,3,1,1]","[""-"",""+"",""-"",""+""]",79-5+3-1+1,73,10,3
elementary-level,9,regular,Elementry 9th Week,Addition/Subtraction,Set 2,20,10,"[58,5,3,1,5]","[""-"",""-"",""+"",""+""]",58-5-3+1+5,56,10,3
