level_slug,week_number,week_type,week_title,question_type_name,set_name,set_number,question_number,digits,operators,formatted_question,answer,time_limit,difficulty
elementary-level,8,regular,Elementry 8th Week,Addition/Subtraction,Set 1,10,1,"[29,4,1,2,5]","[""-"",""+"",""+"",""-""]",29-4+1+2-5,23,10,3
elementary-level,8,regular,Elementry 8th Week,Addition/Subtraction,Set 1,10,2,"[35,3,5,3,7]","[""+"",""-"",""-"",""+""]",35+3-5-3+7,37,10,3
elementary-level,8,regular,Elementry 8th Week,Addition/Subtraction,Set 1,10,3,"[37,5,1,5,3]","[""-"",""+"",""+"",""-""]",37-5+1+5-3,35,10,3
elementary-level,8,regular,Elementry 8th Week,Addition/Subtraction,Set 1,10,4,"[46,2,1,9,5]","[""+"",""+"",""-"",""+""]",46+2+1-9+5,45,10,3
elementary-level,8,regular,Elementry 8th Week,Addition/Subtraction,Set 1,10,5,"[57,5,1,1,5]","[""-"",""+"",""+"",""+""]",57-5+1+1+5,59,10,3
elementary-level,8,regular,Elementry 8th Week,Addition/Subtraction,Set 1,10,6,"[39,5,5,3,1]","[""-"",""+"",""-"",""+""]",39-5+5-3+1,37,10,3
elementary-level,8,regular,Elementry 8th Week,Addition/Subtraction,Set 1,10,7,"[58,6,2,3,1]","[""-"",""+"",""-"",""+""]",58-6+2-3+1,52,10,3
elementary-level,8,regular,Elementry 8th Week,Addition/Subtraction,Set 1,10,8,"[28,5,1,3,1]","[""-"",""+"",""-"",""+""]",28-5+1-3+1,22,10,3
elementary-level,8,regular,Elementry 8th Week,Addition/Subtraction,Set 1,10,9,"[67,5,1,6,5]","[""-"",""+"",""+"",""-""]",67-5+1+6-5,64,10,3
elementary-level,8,regular,Elementry 8th Week,Addition/Subtraction,Set 1,10,10,"[69,5,5,3,1]","[""-"",""+"",""-"",""+""]",69-5+5-3+1,67,10,3
elementary-level,8,regular,Elementry 8th Week,Addition/Subtraction,Set 2,20,1,"[37,1,3,4,5]","[""+"",""-"",""+"",""-""]",37+1-3+4-5,34,10,3
elementary-level,8,regular,Elementry 8th Week,Addition/Subtraction,Set 2,20,2,"[26,5,1,5,1]","[""-"",""+"",""+"",""+""]",26-5+1+5+1,28,10,3
elementary-level,8,regular,Elementry 8th Week,Addition/Subtraction,Set 2,20,3,"[44,5,2,1,5]","[""+"",""-"",""+"",""-""]",44+5-2+1-5,43,10,3
elementary-level,8,regular,Elementry 8th Week,Addition/Subtraction,Set 2,20,4,"[58,3,1,3,5]","[""-"",""+"",""+"",""-""]",58-3+1+3-5,54,10,3
elementary-level,8,regular,Elementry 8th Week,Addition/Subtraction,Set 2,20,5,"[67,2,1,6,2]","[""-"",""+"",""-"",""+""]",67-2+1-6+2,62,10,3
elementary-level,8,regular,Elementry 8th Week,Addition/Subtraction,Set 2,20,6,"[33,1,5,1,5]","[""-"",""+"",""+"",""-""]",33-1+5+1-5,33,10,3
elementary-level,8,regular,Elementry 8th Week,Addition/Subtraction,Set 2,20,7,"[48,5,3,1,2]","[""-"",""-"",""+"",""+""]",48-5-3+1+2,43,10,3
elementary-level,8,regular,Elementry 8th Week,Addition/Subtraction,Set 2,20,8,"[59,5,2,5,2]","[""-"",""+"",""+"",""-""]",59-5+2+5-2,55,10,3
elementary-level,8,regular,Elementry 8th Week,Addition/Subtraction,Set 2,20,9,"[66,5,1,5,1]","[""-"",""+"",""+"",""+""]",66-5+1+5+1,68,10,3
elementary-level,8,regular,Elementry 8th Week,Addition/Subtraction,Set 2,20,10,"[78,5,2,5,3]","[""-"",""-"",""+"",""+""]",78-5-2+5+3,79,10,3
