level_slug,week_number,week_type,week_title,question_type_name,set_name,set_number,question_number,digits,operators,formatted_question,answer,time_limit,difficulty
intermediate-level,4,regular,Intermediate 4th Week,Addition/Subtraction,Set 1,10,1,"[2,8,4,3,5]","[""+"",""+"", ""-"", ""+""]",2+8+4-3+5,16,10,3
intermediate-level,4,regular,Intermediate 4th Week,Addition/Subtraction,Set 1,10,2,"[7,8,3,5,1]","[""+"",""+"", ""-"", ""+""]",7+8+3-5+1,14,10,3
intermediate-level,4,regular,Intermediate 4th Week,Addition/Subtraction,Set 1,10,3,"[8,8,3,4,2]","[""+"",""+"", ""-"", ""+""]",8+8+3-4+2,17,10,3
intermediate-level,4,regular,Intermediate 4th Week,Addition/Subtraction,Set 1,10,4,"[7,2,4,8,5]","[""-"",""+"", ""+"", ""-""]",7-2+4+8-5,12,10,3
intermediate-level,4,regular,Intermediate 4th Week,Addition/Subtraction,Set 1,10,5,"[5,3,8,1,4]","[""+"",""+"", ""-"", ""+""]",5+3+8-1+4,19,10,3
intermediate-level,4,regular,Intermediate 4th Week,Addition/Subtraction,Set 1,10,6,"[5,2,8,3,3]","[""+"",""+"", ""+"", ""-""]",5+2+8+3-3,15,10,3
intermediate-level,4,regular,Intermediate 4th Week,Addition/Subtraction,Set 1,10,7,"[8,5,8,3,2]","[""-"",""+"", ""+"", ""-""]",8-5+8+3-2,12,10,3
intermediate-level,4,regular,Intermediate 4th Week,Addition/Subtraction,Set 1,10,8,"[1,2,8,6,7]","[""+"",""+"", ""+"", ""-""]",1+2+8+6-7,10,10,3
intermediate-level,4,regular,Intermediate 4th Week,Addition/Subtraction,Set 1,10,9,"[7,5,8,4,1]","[""-"",""+"", ""+"", ""+""]",7-5+8+4+1,15,10,3
intermediate-level,4,regular,Intermediate 4th Week,Addition/Subtraction,Set 1,10,10,"[8,2,3,8,5]","[""-"",""+"", ""+"", ""-""]",8-2+3+8-5,12,10,3
intermediate-level,4,regular,Intermediate 4th Week,Addition/Subtraction,Set 2,20,1,"[3,8,1,5,2]","[""+"",""-"",""+"",""+""]",3+8-1+5+2,17,10,3
intermediate-level,4,regular,Intermediate 4th Week,Addition/Subtraction,Set 2,20,2,"[8,3,4,8,2]","[""-"",""+"",""+"",""-""]",8-3+4+8-2,15,10,3
intermediate-level,4,regular,Intermediate 4th Week,Addition/Subtraction,Set 2,20,3,"[9,8,5,2,3]","[""+"",""-"",""+"",""-""]",9+8-5+2-3,11,10,3
intermediate-level,4,regular,Intermediate 4th Week,Addition/Subtraction,Set 2,20,4,"[6,2,8,5,3]","[""+"",""+"",""-"",""+""]",6+2+8-5+3,14,10,3
intermediate-level,4,regular,Intermediate 4th Week,Addition/Subtraction,Set 2,20,5,"[5,4,8,2,3]","[""+"",""+"",""+"",""-""]",5+4+8+2-3,16,10,3
intermediate-level,4,regular,Intermediate 4th Week,Addition/Subtraction,Set 2,20,6,"[7,8,4,6,5]","[""+"",""+"",""-"",""+""]",7+8+4-6+5,18,10,3
intermediate-level,4,regular,Intermediate 4th Week,Addition/Subtraction,Set 2,20,7,"[9,5,2,8,6]","[""-"",""-"",""+"",""+""]",9-5-2+8+6,16,10,3
intermediate-level,4,regular,Intermediate 4th Week,Addition/Subtraction,Set 2,20,8,"[8,1,2,8,5]","[""-"",""+"",""+"",""-""]",8-1+2+8-5,12,10,3
intermediate-level,4,regular,Intermediate 4th Week,Addition/Subtraction,Set 2,20,9,"[6,2,8,3,5]","[""+"",""+"",""+"",""-""]",6+2+8+3-5,14,10,3
intermediate-level,4,regular,Intermediate 4th Week,Addition/Subtraction,Set 2,20,10,"[6,3,2,8,3]","[""+"",""-"",""+"",""+""]",6+3-2+8+3,18,10,3
intermediate-level,4,regular,Intermediate 4th Week,Addition/Subtraction,Set 3,30,1,"[9,3,9,5,4]","[""+"",""+"",""-"",""+""]",9+3+9-5+4,20,10,3
intermediate-level,4,regular,Intermediate 4th Week,Addition/Subtraction,Set 3,30,2,"[6,3,9,7,2]","[""+"",""+"",""-"",""+""]",6+3+9-7+2,13,10,3
intermediate-level,4,regular,Intermediate 4th Week,Addition/Subtraction,Set 3,30,3,"[2,7,2,9,6]","[""+"",""+"",""+"",""-""]",2+7+2+9-6,14,10,3
intermediate-level,4,regular,Intermediate 4th Week,Addition/Subtraction,Set 3,30,4,"[6,3,9,3,5]","[""+"",""+"",""-"",""-""]",6+3+9-3-5,10,10,3
intermediate-level,4,regular,Intermediate 4th Week,Addition/Subtraction,Set 3,30,5,"[5,2,2,9,3]","[""+"",""+"",""+"",""-""]",5+2+2+9-3,15,10,3
intermediate-level,4,regular,Intermediate 4th Week,Addition/Subtraction,Set 3,30,6,"[3,6,9,5,3]","[""+"",""+"",""-"",""-""]",3+6+9-5-3,10,10,3
intermediate-level,4,regular,Intermediate 4th Week,Addition/Subtraction,Set 3,30,7,"[8,1,2,9,6]","[""+"",""+"",""-"",""-""]",8+1+2+9-6,10,10,3
intermediate-level,4,regular,Intermediate 4th Week,Addition/Subtraction,Set 3,30,8,"[9,9,8,2,5]","[""+"",""+"",""-"",""+""]",9+9-8+2+5,17,10,3
intermediate-level,4,regular,Intermediate 4th Week,Addition/Subtraction,Set 3,30,9,"[4,2,5,9,6]","[""-"",""+"",""+"",""-""]",4-2+5+9-6,10,10,3
intermediate-level,4,regular,Intermediate 4th Week,Addition/Subtraction,Set 3,30,10,"[8,2,9,4,3]","[""-"",""+"",""+"",""-""]",8-2+9+4-3,16,10,3
intermediate-level,4,regular,Intermediate 4th Week,Addition/Subtraction,Set 4,40,1,"[9,9,3,4,5]","[""+"",""-"",""+"",""-""]",9+9-3+4-5,14,10,3
intermediate-level,4,regular,Intermediate 4th Week,Addition/Subtraction,Set 4,40,2,"[3,5,9,2,4]","[""+"",""+"",""-"",""+""]",3+5+9-2+4,19,10,3
intermediate-level,4,regular,Intermediate 4th Week,Addition/Subtraction,Set 4,40,3,"[6,3,9,3,6]","[""+"",""+"",""-"",""-""]",6+3+9-3-6,9,10,3
intermediate-level,4,regular,Intermediate 4th Week,Addition/Subtraction,Set 4,40,4,"[9,1,9,2,4]","[""-"",""+"",""+"",""+""]",9-1+9+2+4,23,10,3
intermediate-level,4,regular,Intermediate 4th Week,Addition/Subtraction,Set 4,40,5,"[2,5,9,1,4]","[""+"",""+"",""-"",""+""]",2+5+9-1+4,19,10,3
intermediate-level,4,regular,Intermediate 4th Week,Addition/Subtraction,Set 4,40,6,"[3,5,1,9,6]","[""+"",""+"",""-"",""-""]",3+5-1+9-6,10,10,3
intermediate-level,4,regular,Intermediate 4th Week,Addition/Subtraction,Set 4,40,7,"[4,2,5,9,3]","[""-"",""+"",""+"",""+""]",4-2+5+9+3,19,10,3
intermediate-level,4,regular,Intermediate 4th Week,Addition/Subtraction,Set 4,40,8,"[8,2,9,4,5]","[""-"",""+"",""+"",""-""]",8-2+9+4-5,14,10,3
intermediate-level,4,regular,Intermediate 4th Week,Addition/Subtraction,Set 4,40,9,"[3,2,8,9,3]","[""-"",""+"",""+"",""-""]",3-2+8+9-3,15,10,3
intermediate-level,4,regular,Intermediate 4th Week,Addition/Subtraction,Set 4,40,10,"[4,5,9,3,2]","[""+"",""+"",""+"",""-""]",4+5+9-3+2,17,10,3
intermediate-level,4,regular,Intermediate 4th Week,Addition/Subtraction,Set 5,50,1,"[7,3,1,9,9]","[""+"",""-"",""-"",""+""]",7+3-1-9+9,9,10,3
intermediate-level,4,regular,Intermediate 4th Week,Addition/Subtraction,Set 5,50,2,"[8,2,1,2,5]","[""+"",""-"",""-"",""-""]",8+2-1-2-5,2,10,3
intermediate-level,4,regular,Intermediate 4th Week,Addition/Subtraction,Set 5,50,3,"[4,6,9,9,1]","[""+"",""+"",""-"",""-""]",4+6+9-9-1,9,10,3
intermediate-level,4,regular,Intermediate 4th Week,Addition/Subtraction,Set 5,50,4,"[5,5,1,2,1]","[""-"",""+"",""-"",""+""]",5-5+1-2+1,8,10,3
intermediate-level,4,regular,Intermediate 4th Week,Addition/Subtraction,Set 5,50,5,"[6,1,5,1,2]","[""-"",""+"",""-"",""-""]",6-1+5-1-2,7,10,3
intermediate-level,4,regular,Intermediate 4th Week,Addition/Subtraction,Set 5,50,6,"[2,5,4,1,1]","[""+"",""+"",""+"",""-""]",2+5+4-1-1,9,10,3
intermediate-level,4,regular,Intermediate 4th Week,Addition/Subtraction,Set 5,50,7,"[6,5,1,1,3]","[""+"",""+"",""-"",""-""]",6+5-1-1-3,6,10,3
intermediate-level,4,regular,Intermediate 4th Week,Addition/Subtraction,Set 5,50,8,"[2,5,3,1,5]","[""+"",""+"",""+"",""-""]",2+5+3-1-5,4,10,3
intermediate-level,4,regular,Intermediate 4th Week,Addition/Subtraction,Set 5,50,9,"[4,5,1,1,5]","[""+"",""+"",""+"",""-""]",4+5+1-1-5,4,10,3
intermediate-level,4,regular,Intermediate 4th Week,Addition/Subtraction,Set 5,50,10,"[7,3,1,2,1]","[""+"",""-"",""-"",""+""]",7+3-1-2+1,8,10,3
intermediate-level,4,regular,Intermediate 4th Week,Addition/Subtraction,Set 6,60,1,"[6,5,1,2,1]","[""+"",""+"",""-"",""-""]",6+5+1-2-1,9,10,3
intermediate-level,4,regular,Intermediate 4th Week,Addition/Subtraction,Set 6,60,2,"[9,1,1,3,5]","[""+"",""-"",""-"",""-""]",9+1-1-3-5,1,10,3
intermediate-level,4,regular,Intermediate 4th Week,Addition/Subtraction,Set 6,60,3,"[7,5,2,1,3]","[""+"",""-"",""-"",""-""]",7+5-2-1-3,6,10,3
intermediate-level,4,regular,Intermediate 4th Week,Addition/Subtraction,Set 6,60,4,"[6,5,1,1,4]","[""+"",""-"",""-"",""-""]",6+5-1-1-4,5,10,3
intermediate-level,4,regular,Intermediate 4th Week,Addition/Subtraction,Set 6,60,5,"[4,5,5,4,1]","[""+"",""+"",""-"",""-""]",4+5+5-4-1,9,10,3
intermediate-level,4,regular,Intermediate 4th Week,Addition/Subtraction,Set 6,60,6,"[5,4,5,4,1]","[""+"",""+"",""-"",""-""]",5+4+5-4-1,9,10,3
intermediate-level,4,regular,Intermediate 4th Week,Addition/Subtraction,Set 6,60,7,"[8,2,1,2,2]","[""+"",""-"",""-"",""+""]",8+2-1-2+2,9,10,3
intermediate-level,4,regular,Intermediate 4th Week,Addition/Subtraction,Set 6,60,8,"[4,3,5,2,3]","[""+"",""+"",""-"",""-""]",4+3+5-2-3,11,10,3
intermediate-level,4,regular,Intermediate 4th Week,Addition/Subtraction,Set 6,60,9,"[2,7,1,1,5]","[""+"",""-"",""-"",""-""]",2+7-1-1-5,4,10,3
intermediate-level,4,regular,Intermediate 4th Week,Addition/Subtraction,Set 6,60,10,"[7,3,1,2,2]","[""+"",""-"",""-"",""+""]",7+3-1-2+2,9,10,3
intermediate-level,4,regular,Intermediate 4th Week,Addition/Subtraction,Set 7,70,1,"[7,3,2,1,2]","[""+"",""-"",""+"",""-""]",7+3-2+1-2,7,10,3
intermediate-level,4,regular,Intermediate 4th Week,Addition/Subtraction,Set 7,70,2,"[6,4,2,3,2]","[""+"",""-"",""-"",""+""]",6+4-2-3+2,7,10,3
intermediate-level,4,regular,Intermediate 4th Week,Addition/Subtraction,Set 7,70,3,"[8,3,2,1,1]","[""+"",""-"",""+"",""-""]",8+3-2+1-1,9,10,3
intermediate-level,4,regular,Intermediate 4th Week,Addition/Subtraction,Set 7,70,4,"[9,1,2,1,5]","[""+"",""-"",""+"",""-""]",9+1-2+1-5,4,10,3
intermediate-level,4,regular,Intermediate 4th Week,Addition/Subtraction,Set 7,70,5,"[4,6,1,2,2]","[""+"",""-"",""-"",""+""]",4+6-1-2+2,7,10,3
intermediate-level,4,regular,Intermediate 4th Week,Addition/Subtraction,Set 7,70,6,"[3,5,2,2,1]","[""+"",""-"",""-"",""+""]",3+5-2-2+1,9,10,3
intermediate-level,4,regular,Intermediate 4th Week,Addition/Subtraction,Set 7,70,7,"[9,1,2,1,5]","[""+"",""-"",""+"",""-""]",9+1-2+1-5,4,10,3
intermediate-level,4,regular,Intermediate 4th Week,Addition/Subtraction,Set 7,70,8,"[2,5,3,2,1]","[""+"",""-"",""+"",""+""]",2+5-3+2+1,9,10,3
intermediate-level,4,regular,Intermediate 4th Week,Addition/Subtraction,Set 7,70,9,"[5,3,2,2,1]","[""+"",""-"",""-"",""+""]",5+3-2-2+1,9,10,3
intermediate-level,4,regular,Intermediate 4th Week,Addition/Subtraction,Set 7,70,10,"[6,5,2,9,2]","[""+"",""-"",""-"",""+""]",6+5-2-9+2,2,10,3
intermediate-level,4,regular,Intermediate 4th Week,Addition/Subtraction,Set 8,80,1,"[7,3,2,3,2]","[""+"",""-"",""-"",""+""]",7+3-2-3+2,7,10,3
intermediate-level,4,regular,Intermediate 4th Week,Addition/Subtraction,Set 8,80,2,"[3,5,5,3,2]","[""+"",""+"",""-"",""-""]",3+5+5-3-2,8,10,3
intermediate-level,4,regular,Intermediate 4th Week,Addition/Subtraction,Set 8,80,3,"[9,1,2,1,5]","[""+"",""-"",""-"",""-""]",9+1-2-1-5,4,10,3
intermediate-level,4,regular,Intermediate 4th Week,Addition/Subtraction,Set 8,80,4,"[6,5,1,2,3]","[""+"",""-"",""-"",""+""]",6+5-1-2+3,5,10,3
intermediate-level,4,regular,Intermediate 4th Week,Addition/Subtraction,Set 8,80,5,"[8,5,3,2,1]","[""+"",""-"",""-"",""+""]",8+5-3-2+1,9,10,3
intermediate-level,4,regular,Intermediate 4th Week,Addition/Subtraction,Set 8,80,6,"[7,3,2,8,2]","[""+"",""-"",""-"",""+""]",7+3-2-8+2,2,10,3
intermediate-level,4,regular,Intermediate 4th Week,Addition/Subtraction,Set 8,80,7,"[6,4,2,1,4]","[""+"",""-"",""+"",""-""]",6+4-2+1-4,5,10,3
intermediate-level,4,regular,Intermediate 4th Week,Addition/Subtraction,Set 8,80,8,"[9,1,2,1,3]","[""+"",""-"",""+"",""-""]",9+1-2+1-3,6,10,3
intermediate-level,4,regular,Intermediate 4th Week,Addition/Subtraction,Set 8,80,9,"[8,3,2,3,2]","[""+"",""-"",""-"",""+""]",8+3-2-3+2,8,10,3
intermediate-level,4,regular,Intermediate 4th Week,Addition/Subtraction,Set 8,80,10,"[3,4,4,2,3]","[""+"",""-"",""+"",""-""]",3+4-4+2-3,6,10,3
intermediate-level,4,regular,Intermediate 4th Week,Addition/Subtraction,Set 9,90,1,"[9,1,3,2,5]","[""+"",""-"",""+"",""-""]",9+1-3+2-5,4,10,3
intermediate-level,4,regular,Intermediate 4th Week,Addition/Subtraction,Set 9,90,2,"[7,3,3,5,2]","[""+"",""-"",""-"",""+""]",7+3-3-5+2,4,10,3
intermediate-level,4,regular,Intermediate 4th Week,Addition/Subtraction,Set 9,90,3,"[1,9,3,5,1]","[""+"",""-"",""-"",""+""]",1+9-3-5+1,3,10,3
intermediate-level,4,regular,Intermediate 4th Week,Addition/Subtraction,Set 9,90,4,"[8,2,3,2,5]","[""+"",""-"",""+"",""-""]",8+2-3+2-5,4,10,3
intermediate-level,4,regular,Intermediate 4th Week,Addition/Subtraction,Set 9,90,5,"[5,5,3,7,9]","[""+"",""-"",""-"",""+""]",5+5-3-7+9,9,10,3
intermediate-level,4,regular,Intermediate 4th Week,Addition/Subtraction,Set 9,90,6,"[7,3,3,5,1]","[""+"",""-"",""+"",""+""]",7+3-3+5+1,13,10,3
intermediate-level,4,regular,Intermediate 4th Week,Addition/Subtraction,Set 9,90,7,"[4,1,5,3,2]","[""+"",""-"",""+"",""+""]",4+1-5+3+2,9,10,3
intermediate-level,4,regular,Intermediate 4th Week,Addition/Subtraction,Set 9,90,8,"[3,2,5,3,5]","[""+"",""-"",""-"",""+""]",3+2-5-3+5,2,10,3
intermediate-level,4,regular,Intermediate 4th Week,Addition/Subtraction,Set 9,90,9,"[1,9,3,1,3]","[""+"",""-"",""-"",""+""]",1+9-3-1+3,9,10,3
intermediate-level,4,regular,Intermediate 4th Week,Addition/Subtraction,Set 9,90,10,"[5,5,3,1,2]","[""+"",""-"",""+"",""+""]",5+5-3+1+2,10,10,3
intermediate-level,4,regular,Intermediate 4th Week,Addition/Subtraction,Set 10,100,1,"[6,4,3,3,4]","[""+"",""-"",""+"",""+""]",6+4-3+3+4,14,10,3
intermediate-level,4,regular,Intermediate 4th Week,Addition/Subtraction,Set 10,100,2,"[9,3,4,3,1]","[""-"",""+"",""-"",""+""]",9-3+4-3+1,8,10,3
intermediate-level,4,regular,Intermediate 4th Week,Addition/Subtraction,Set 10,100,3,"[7,2,1,3,2]","[""+"",""+"",""-"",""+""]",7+2+1-3+2,9,10,3
intermediate-level,4,regular,Intermediate 4th Week,Addition/Subtraction,Set 10,100,4,"[5,4,1,3,3]","[""+"",""+"",""-"",""+""]",5+4+1-3+3,10,10,3
intermediate-level,4,regular,Intermediate 4th Week,Addition/Subtraction,Set 10,100,5,"[2,2,5,1,3]","[""+"",""+"",""+"",""-""]",2+2+5+1-3,7,10,3
intermediate-level,4,regular,Intermediate 4th Week,Addition/Subtraction,Set 10,100,6,"[8,2,3,1,5]","[""+"",""+"",""-"",""-""]",8+2+3-1-5,3,10,3
intermediate-level,4,regular,Intermediate 4th Week,Addition/Subtraction,Set 10,100,7,"[8,1,2,3,3]","[""+"",""-"",""+"",""+""]",8+1-2+3+3,7,10,3
intermediate-level,4,regular,Intermediate 4th Week,Addition/Subtraction,Set 10,100,8,"[6,1,3,3,2]","[""+"",""-"",""-"",""+""]",6+1-3-3+2,9,10,3
intermediate-level,4,regular,Intermediate 4th Week,Addition/Subtraction,Set 10,100,9,"[3,7,3,2,9]","[""+"",""-"",""+"",""-""]",3+7-3+2-9,0,10,3
intermediate-level,4,regular,Intermediate 4th Week,Addition/Subtraction,Set 10,100,10,"[2,5,3,3,5]","[""+"",""-"",""+"",""-""]",2+5-3+3-5,2,10,3
