level_slug,week_number,week_type,week_title,question_type_name,set_name,set_number,question_number,digits,operators,formatted_question,answer,time_limit,difficulty
intermediate-level,3,regular,Intermediate 3rd Week,Addition/Subtraction,Set 1,10,1,"[5,2,3,8,1]","[""+"",""-"",""+"",""-""]",5+2-3+8-1,17,10,3
intermediate-level,3,regular,Intermediate 3rd Week,Addition/Subtraction,Set 1,10,2,"[8,1,2,5,6]","[""+"",""+"",""-"",""+""]",8+1+2-5+6,11,10,3
intermediate-level,3,regular,Intermediate 3rd Week,Addition/Subtraction,Set 1,10,3,"[9,3,3,6,1]","[""+"",""-"",""+"",""-""]",9+3-3+6-1,12,10,3
intermediate-level,3,regular,Intermediate 3rd Week,Addition/Subtraction,Set 1,10,4,"[4,5,4,5,8]","[""+"",""+"",""-"",""+""]",4+5+4-5+8,10,10,3
intermediate-level,3,regular,Intermediate 3rd Week,Addition/Subtraction,Set 1,10,5,"[7,3,2,8,9]","[""+"",""+"",""-"",""+""]",7+3+2-8+9,10,10,3
intermediate-level,3,regular,Intermediate 3rd Week,Addition/Subtraction,Set 1,10,6,"[9,3,3,9,3]","[""+"",""+"",""-"",""+""]",9+3+3-9+3,15,10,3
intermediate-level,3,regular,Intermediate 3rd Week,Addition/Subtraction,Set 1,10,7,"[2,5,3,3,4]","[""+"",""+"",""-"",""+""]",2+5+3-3+4,15,10,3
intermediate-level,3,regular,Intermediate 3rd Week,Addition/Subtraction,Set 1,10,8,"[9,4,2,3,6]","[""+"",""-"",""+"",""-""]",9+4-2+3-6,19,10,3
intermediate-level,3,regular,Intermediate 3rd Week,Addition/Subtraction,Set 1,10,9,"[9,3,8,3,1]","[""+"",""+"",""-"",""+""]",9+3+8-3+1,17,10,3
intermediate-level,3,regular,Intermediate 3rd Week,Addition/Subtraction,Set 1,10,10,"[8,3,8,7,1]","[""+"",""-"",""+"",""-""]",8+3-8+7-1,13,10,3
intermediate-level,3,regular,Intermediate 3rd Week,Addition/Subtraction,Set 2,20,1,"[9,3,2,3,5]","[""+"",""-"",""+"",""-""]",9+3-2+3-5,16,10,3
intermediate-level,3,regular,Intermediate 3rd Week,Addition/Subtraction,Set 2,20,2,"[7,3,4,3,2]","[""+"",""-"",""+"",""-""]",7+3-4+3-2,13,10,3
intermediate-level,3,regular,Intermediate 3rd Week,Addition/Subtraction,Set 2,20,3,"[8,3,2,3,5]","[""+"",""-"",""+"",""-""]",8+3-2+3-5,15,10,3
intermediate-level,3,regular,Intermediate 3rd Week,Addition/Subtraction,Set 2,20,4,"[6,3,3,2,2]","[""+"",""-"",""+"",""-""]",6+3-3+2-2,12,10,3
intermediate-level,3,regular,Intermediate 3rd Week,Addition/Subtraction,Set 2,20,5,"[5,4,3,2,3]","[""+"",""-"",""+"",""-""]",5+4-3+2-3,11,10,3
intermediate-level,3,regular,Intermediate 3rd Week,Addition/Subtraction,Set 2,20,6,"[6,2,3,3,4]","[""+"",""-"",""+"",""-""]",6+2-3+3-4,10,10,3
intermediate-level,3,regular,Intermediate 3rd Week,Addition/Subtraction,Set 2,20,7,"[3,5,3,2,1]","[""+"",""-"",""+"",""-""]",3+5-3+2-1,14,10,3
intermediate-level,3,regular,Intermediate 3rd Week,Addition/Subtraction,Set 2,20,8,"[9,3,1,3,9]","[""+"",""-"",""+"",""-""]",9+3-1+3-9,19,10,3
intermediate-level,3,regular,Intermediate 3rd Week,Addition/Subtraction,Set 2,20,9,"[7,2,3,7,2]","[""+"",""-"",""+"",""-""]",7+2-3+7-2,17,10,3
intermediate-level,3,regular,Intermediate 3rd Week,Addition/Subtraction,Set 2,20,10,"[2,5,3,4,1]","[""+"",""-"",""+"",""-""]",2+5-3+4-1,15,10,3
intermediate-level,3,regular,Intermediate 3rd Week,Addition/Subtraction,Set 3,30,1,"[7,4,3,5,7]","[""+"",""-"",""+"",""-""]",7+4-3+5-7,12,10,3
intermediate-level,3,regular,Intermediate 3rd Week,Addition/Subtraction,Set 3,30,2,"[9,4,1,5,7]","[""+"",""-"",""+"",""-""]",9+4-1+5-7,12,10,3
intermediate-level,3,regular,Intermediate 3rd Week,Addition/Subtraction,Set 3,30,3,"[4,5,4,3,5]","[""+"",""-"",""+"",""-""]",4+5-4+3-5,15,10,3
intermediate-level,3,regular,Intermediate 3rd Week,Addition/Subtraction,Set 3,30,4,"[1,8,4,5,3]","[""+"",""-"",""+"",""-""]",1+8-4+5-3,15,10,3
intermediate-level,3,regular,Intermediate 3rd Week,Addition/Subtraction,Set 3,30,5,"[6,4,4,5,3]","[""+"",""-"",""+"",""-""]",6+4-4+5-3,10,10,3
intermediate-level,3,regular,Intermediate 3rd Week,Addition/Subtraction,Set 3,30,6,"[7,4,1,4,3]","[""+"",""-"",""+"",""-""]",7+4-1+4-3,11,10,3
intermediate-level,3,regular,Intermediate 3rd Week,Addition/Subtraction,Set 3,30,7,"[9,4,3,2,1]","[""+"",""-"",""+"",""-""]",9+4-3+2+1,13,10,3
intermediate-level,3,regular,Intermediate 3rd Week,Addition/Subtraction,Set 3,30,8,"[7,4,1,3,5]","[""+"",""-"",""+"",""-""]",7+4-1+3+5,18,10,3
intermediate-level,3,regular,Intermediate 3rd Week,Addition/Subtraction,Set 3,30,9,"[8,1,4,3,2]","[""+"",""-"",""+"",""-""]",8+1-4+3-2,12,10,3
intermediate-level,3,regular,Intermediate 3rd Week,Addition/Subtraction,Set 3,30,10,"[6,4,3,1,4]","[""+"",""-"",""+"",""-""]",6+4-3+1-4,10,10,3
intermediate-level,3,regular,Intermediate 3rd Week,Addition/Subtraction,Set 4,40,1,"[8,4,3,2,2]","[""+"",""-"",""+"",""+""]",8+4-3+2+2,19,10,3
intermediate-level,3,regular,Intermediate 3rd Week,Addition/Subtraction,Set 4,40,2,"[9,3,4,9,9]","[""+"",""-"",""+"",""-""]",9-3+4+9-9,10,10,3
intermediate-level,3,regular,Intermediate 3rd Week,Addition/Subtraction,Set 4,40,3,"[7,4,8,2,5]","[""+"",""-"",""+"",""+""]",7+4+8+2+5,12,10,3
intermediate-level,3,regular,Intermediate 3rd Week,Addition/Subtraction,Set 4,40,4,"[9,4,5,3,5]","[""+"",""-"",""+"",""+""]",9+4+5+3+5,10,10,3
intermediate-level,3,regular,Intermediate 3rd Week,Addition/Subtraction,Set 4,40,5,"[8,1,4,5,1]","[""+"",""-"",""+"",""+""]",8+1+4+5+1,19,10,3
intermediate-level,3,regular,Intermediate 3rd Week,Addition/Subtraction,Set 4,40,6,"[6,4,3,1,3]","[""+"",""-"",""+"",""+""]",6+4+3+1+3,11,10,3
intermediate-level,3,regular,Intermediate 3rd Week,Addition/Subtraction,Set 4,40,7,"[5,2,2,4,3]","[""+"",""-"",""+"",""+""]",5+2+2+4+3,10,10,3
intermediate-level,3,regular,Intermediate 3rd Week,Addition/Subtraction,Set 4,40,8,"[7,2,4,3,1]","[""+"",""-"",""+"",""+""]",7+2+4+3+1,11,10,3
intermediate-level,3,regular,Intermediate 3rd Week,Addition/Subtraction,Set 4,40,9,"[6,3,4,3,5]","[""+"",""-"",""+"",""+""]",6+3+4+3+5,15,10,3
intermediate-level,3,regular,Intermediate 3rd Week,Addition/Subtraction,Set 4,40,10,"[8,1,5,5,4]","[""+"",""-"",""+"",""+""]",8+1+5+5+4,13,10,3
intermediate-level,3,regular,Intermediate 3rd Week,Addition/Subtraction,Set 5,50,1,"[5,4,5,3,2]","[""+"",""+"",""+"",""-""]",5+4+5+3-2,13,10,3
intermediate-level,3,regular,Intermediate 3rd Week,Addition/Subtraction,Set 5,50,2,"[2,7,5,4,5]","[""+"",""+"",""+"",""-""]",2+7+5+4-5,15,10,3
intermediate-level,3,regular,Intermediate 3rd Week,Addition/Subtraction,Set 5,50,3,"[4,3,5,5,1]","[""-"",""+"",""+"",""+""]",4-3+5+5+1,12,10,3
intermediate-level,3,regular,Intermediate 3rd Week,Addition/Subtraction,Set 5,50,4,"[7,2,5,2,2]","[""+"",""+"",""+"",""-""]",7+2+5+2-2,14,10,3
intermediate-level,3,regular,Intermediate 3rd Week,Addition/Subtraction,Set 5,50,5,"[8,1,3,5,1]","[""+"",""+"",""-"",""+""]",8+1+3-5+1,10,10,3
intermediate-level,3,regular,Intermediate 3rd Week,Addition/Subtraction,Set 5,50,6,"[7,2,5,8,7]","[""-"",""+"",""+"",""-""]",7-2+5+8-7,11,10,3
intermediate-level,3,regular,Intermediate 3rd Week,Addition/Subtraction,Set 5,50,7,"[5,3,1,4,5]","[""+"",""+"",""+"",""-""]",5+3+1+4-5,10,10,3
intermediate-level,3,regular,Intermediate 3rd Week,Addition/Subtraction,Set 5,50,8,"[8,5,1,5,5]","[""-"",""+"",""+"",""+""]",8-5+1+5+5,14,10,3
intermediate-level,3,regular,Intermediate 3rd Week,Addition/Subtraction,Set 5,50,9,"[3,5,1,4,5]","[""+"",""+"",""+"",""-""]",3+5+1+4-5,10,10,3
intermediate-level,3,regular,Intermediate 3rd Week,Addition/Subtraction,Set 5,50,10,"[4,5,5,3,6]","[""+"",""+"",""+"",""-""]",4+5+5+3-6,17,10,3
intermediate-level,3,regular,Intermediate 3rd Week,Addition/Subtraction,Set 6,60,1,"[1,8,5,5,4]","[""+"",""+"",""+"",""+""]",1+8+5+5+4,15,10,3
intermediate-level,3,regular,Intermediate 3rd Week,Addition/Subtraction,Set 6,60,2,"[3,1,5,2,5]","[""+"",""+"",""+"",""-""]",3+1+5+2-5,12,10,3
intermediate-level,3,regular,Intermediate 3rd Week,Addition/Subtraction,Set 6,60,3,"[3,5,5,8,9]","[""+"",""+"",""+"",""-""]",3+5+5+8-9,10,10,3
intermediate-level,3,regular,Intermediate 3rd Week,Addition/Subtraction,Set 6,60,4,"[6,5,5,8,1]","[""+"",""+"",""-"",""+""]",6+5+5-8+1,10,10,3
intermediate-level,3,regular,Intermediate 3rd Week,Addition/Subtraction,Set 6,60,5,"[9,5,3,5,1]","[""-"",""+"",""-"",""+""]",9-5+3-5+1,11,10,3
intermediate-level,3,regular,Intermediate 3rd Week,Addition/Subtraction,Set 6,60,6,"[7,1,3,5,4]","[""-"",""+"",""+"",""-""]",7-1+3+5-4,10,10,3
intermediate-level,3,regular,Intermediate 3rd Week,Addition/Subtraction,Set 6,60,7,"[8,5,5,2,5]","[""-"",""+"",""+"",""+""]",8-5+5+2+5,11,10,3
intermediate-level,3,regular,Intermediate 3rd Week,Addition/Subtraction,Set 6,60,8,"[9,4,5,7,2]","[""-"",""+"",""+"",""+""]",9-4+5+7+2,15,10,3
intermediate-level,3,regular,Intermediate 3rd Week,Addition/Subtraction,Set 6,60,9,"[8,1,3,5,1]","[""+"",""+"",""+"",""-""]",8+1+3+5-1,10,10,3
intermediate-level,3,regular,Intermediate 3rd Week,Addition/Subtraction,Set 6,60,10,"[5,5,2,6,8]","[""+"",""+"",""+"",""-""]",5+5+2+6-8,10,10,3
intermediate-level,3,regular,Intermediate 3rd Week,Addition/Subtraction,Set 7,70,1,"[6,3,5,6,2]","[""+"",""+"",""-"",""+""]",6+3-5+6+2,12,10,3
intermediate-level,3,regular,Intermediate 3rd Week,Addition/Subtraction,Set 7,70,2,"[9,6,3,2,6]","[""+"",""+"",""+"",""-""]",9+6+3+2-6,10,10,3
intermediate-level,3,regular,Intermediate 3rd Week,Addition/Subtraction,Set 7,70,3,"[4,5,3,6,7]","[""+"",""+"",""+"",""-""]",4+5+3+6-7,12,10,3
intermediate-level,3,regular,Intermediate 3rd Week,Addition/Subtraction,Set 7,70,4,"[3,5,1,2,7]","[""+"",""+"",""+"",""-""]",3+5+1+2-7,10,10,3
intermediate-level,3,regular,Intermediate 3rd Week,Addition/Subtraction,Set 7,70,5,"[7,2,6,8,3]","[""-"",""+"",""+"",""+""]",7-2+6+8+3,10,10,3
intermediate-level,3,regular,Intermediate 3rd Week,Addition/Subtraction,Set 7,70,6,"[9,6,5,1,4]","[""-"",""+"",""+"",""+""]",9-6+5+1+4,15,10,3
intermediate-level,3,regular,Intermediate 3rd Week,Addition/Subtraction,Set 7,70,7,"[9,4,3,1,4]","[""-"",""+"",""+"",""-""]",9-4+3+1-4,5,10,3
intermediate-level,3,regular,Intermediate 3rd Week,Addition/Subtraction,Set 7,70,8,"[4,6,3,5,8]","[""+"",""+"",""+"",""-""]",4+6+3+5-8,10,10,3
intermediate-level,3,regular,Intermediate 3rd Week,Addition/Subtraction,Set 7,70,9,"[8,1,6,4,5]","[""+"",""+"",""+"",""+""]",8+1+6+4+5,14,10,3
intermediate-level,3,regular,Intermediate 3rd Week,Addition/Subtraction,Set 7,70,10,"[6,3,6,5,7]","[""+"",""+"",""+"",""+""]",6+3+6+5+7,17,10,3
intermediate-level,3,regular,Intermediate 3rd Week,Addition/Subtraction,Set 8,80,1,"[8, 2, 3, 6, 5]","[""+"", ""-"", ""+"", ""-""]",8-2+3+6-5,10,10,3
intermediate-level,3,regular,Intermediate 3rd Week,Addition/Subtraction,Set 8,80,2,"[9, 5, 6, 2, 1]","[""+"", ""+"", ""+"", ""+""]",9-5+6+2+1,13,10,3
intermediate-level,3,regular,Intermediate 3rd Week,Addition/Subtraction,Set 8,80,3,"[2, 2, 6, 5, 5]","[""+"", ""+"", ""+"", ""-""]",2+2+6+5-5,10,10,3
intermediate-level,3,regular,Intermediate 3rd Week,Addition/Subtraction,Set 8,80,4,"[8, 3, 4, 6, 5]","[""+"", ""-"", ""+"", ""+""]",8-3+4+6-5,10,10,3
intermediate-level,3,regular,Intermediate 3rd Week,Addition/Subtraction,Set 8,80,5,"[7, 2, 5, 6, 9]","[""+"", ""+"", ""+"", ""+""]",7+2-5+6+9,19,10,3
intermediate-level,3,regular,Intermediate 3rd Week,Addition/Subtraction,Set 8,80,6,"[8, 1, 5, 4, 3]","[""+"", ""+"", ""+"", ""-""]",8+1-5+4-3,5,10,3
intermediate-level,3,regular,Intermediate 3rd Week,Addition/Subtraction,Set 8,80,7,"[9, 6, 5, 4, 3]","[""+"", ""+"", ""+"", ""-""]",9+6-5+4-3,11,10,3
intermediate-level,3,regular,Intermediate 3rd Week,Addition/Subtraction,Set 8,80,8,"[8, 1, 6, 4, 6]","[""+"", ""+"", ""+"", ""+""]",8+1+6+4+6,25,10,3
intermediate-level,3,regular,Intermediate 3rd Week,Addition/Subtraction,Set 8,80,9,"[6, 3, 6, 5, 4]","[""+"", ""+"", ""+"", ""-""]",6+3+6-5+4,14,10,3
intermediate-level,3,regular,Intermediate 3rd Week,Addition/Subtraction,Set 8,80,10,"[3, 1, 6, 8, 1]","[""+"", ""+"", ""+"", ""+""]",3+1+6+8+1,19,10,3
intermediate-level,3,regular,Intermediate 3rd Week,Addition/Subtraction,Set 9,90,1,"[3,7,4,5,4]","[""+"",""+"",""+"",""-""]",3+7+4+5-4,15,10,3
intermediate-level,3,regular,Intermediate 3rd Week,Addition/Subtraction,Set 9,90,2,"[9,5,7,1,2]","[""+"",""-"",""+"",""-""]",9-5+7+1+2,14,10,3
intermediate-level,3,regular,Intermediate 3rd Week,Addition/Subtraction,Set 9,90,3,"[8,7,5,4,5]","[""+"",""-"",""+"",""+""]",8+7-5+4+5,19,10,3
intermediate-level,3,regular,Intermediate 3rd Week,Addition/Subtraction,Set 9,90,4,"[3,1,7,5,6]","[""+"",""+"",""+"",""-""]",3+1+7+5-6,10,10,3
intermediate-level,3,regular,Intermediate 3rd Week,Addition/Subtraction,Set 9,90,5,"[8,1,5,7,2]","[""+"",""-"",""+"",""+""]",8+1-5+7+2,13,10,3
intermediate-level,3,regular,Intermediate 3rd Week,Addition/Subtraction,Set 9,90,6,"[9,6,7,5,3]","[""-"",""+"",""+"",""+""]",9-6+7+5+3,18,10,3
intermediate-level,3,regular,Intermediate 3rd Week,Addition/Subtraction,Set 9,90,7,"[4,7,7,2,3]","[""+"",""+"",""-"",""+""]",4+7+7-2+3,19,10,3
intermediate-level,3,regular,Intermediate 3rd Week,Addition/Subtraction,Set 9,90,8,"[6,2,7,5,9]","[""+"",""+"",""-"",""+""]",6+2+7-5+9,19,10,3
intermediate-level,3,regular,Intermediate 3rd Week,Addition/Subtraction,Set 9,90,9,"[8,5,1,7,6]","[""-"",""+"",""+"",""+""]",8-5+1+7+6,17,10,3
intermediate-level,3,regular,Intermediate 3rd Week,Addition/Subtraction,Set 9,90,10,"[9,7,2,5,6]","[""+"",""+"",""-"",""+""]",9+7+2-5+6,19,10,3
intermediate-level,3,regular,Intermediate 3rd Week,Addition/Subtraction,Set 10,100,1,"[8,7,3,2,3]","[""+"",""+"",""-"",""+""]",8+7+3-2+3,19,10,3
intermediate-level,3,regular,Intermediate 3rd Week,Addition/Subtraction,Set 10,100,2,"[9,1,5,7,8]","[""-"",""-"",""+"",""+""]",9-1-5+7+8,18,10,3
intermediate-level,3,regular,Intermediate 3rd Week,Addition/Subtraction,Set 10,100,3,"[8,3,4,7,2]","[""-"",""+"",""+"",""+""]",8-3+4+7+2,18,10,3
intermediate-level,3,regular,Intermediate 3rd Week,Addition/Subtraction,Set 10,100,4,"[1,3,7,2,5]","[""+"",""+"",""+"",""+""]",1+3+7+2+5,18,10,3
intermediate-level,3,regular,Intermediate 3rd Week,Addition/Subtraction,Set 10,100,5,"[6,3,7,5,3]","[""+"",""+"",""-"",""+""]",6+3+7-5+3,14,10,3
intermediate-level,3,regular,Intermediate 3rd Week,Addition/Subtraction,Set 10,100,6,"[7,1,7,4,3]","[""+"",""+"",""+"",""-""]",7+1+7+4-3,16,10,3
intermediate-level,3,regular,Intermediate 3rd Week,Addition/Subtraction,Set 10,100,7,"[7,5,2,7,1]","[""-"",""+"",""+"",""-""]",7-5+2+7-1,10,10,3
intermediate-level,3,regular,Intermediate 3rd Week,Addition/Subtraction,Set 10,100,8,"[8,5,1,7,6]","[""-"",""+"",""+"",""+""]",8-5+1+7+6,17,10,3
intermediate-level,3,regular,Intermediate 3rd Week,Addition/Subtraction,Set 10,100,9,"[4,1,7,5,2]","[""-"",""+"",""+"",""+""]",4-1+7+5+2,17,10,3
intermediate-level,3,regular,Intermediate 3rd Week,Addition/Subtraction,Set 10,100,10,"[6,5,3,1,7]","[""-"",""+"",""-"",""+""]",6-5+3-1+7,10,10,3
