level_slug,week_number,week_type,week_title,question_type_name,set_name,set_number,question_number,digits,operators,formatted_question,answer,time_limit,difficulty
elementary-level,10,regular,Elementry 10th Week,Addition/Subtraction,Set 1,10,1,"[27,5,2,1,1]","[""-"",""+"",""-"",""-""]",27-5+2-1-1,22,10,3
elementary-level,10,regular,Elementry 10th Week,Addition/Subtraction,Set 1,10,2,"[35,1,5,1,5]","[""+"",""-"",""+"",""+""]",35+1-5+1+5,37,10,3
elementary-level,10,regular,Elementry 10th Week,Addition/Subtraction,Set 1,10,3,"[44,5,3,1,6]","[""+"",""-"",""+"",""-""]",44+5-3+1-6,41,10,3
elementary-level,10,regular,Elementry 10th Week,Addition/Subtraction,Set 1,10,4,"[57,2,4,3,5]","[""-"",""+"",""-"",""-""]",57-2+4-3-5,51,10,3
elementary-level,10,regular,Elementry 10th Week,Addition/Subtraction,Set 1,10,5,"[66,5,1,2,5]","[""-"",""+"",""-"",""+""]",66-5+1-2+5,65,10,3
elementary-level,10,regular,Elementry 10th Week,Addition/Subtraction,Set 1,10,6,"[73,1,5,4,1]","[""+"",""+"",""-"",""+""]",73+1+5-4+1,76,10,3
elementary-level,10,regular,Elementry 10th Week,Addition/Subtraction,Set 1,10,7,"[77,5,1,3,5]","[""-"",""+"",""-"",""+""]",77-5+1-3+5,79,10,3
elementary-level,10,regular,Elementry 10th Week,Addition/Subtraction,Set 1,10,8,"[56,1,5,3,1]","[""-"",""-"",""+"",""+""]",56-1-5+3+1,54,10,3
elementary-level,10,regular,Elementry 10th Week,Addition/Subtraction,Set 1,10,9,"[75,1,2,3,5]","[""+"",""+"",""-"",""-""]",75+1+2-3-5,70,10,3
elementary-level,10,regular,Elementry 10th Week,Addition/Subtraction,Set 1,10,10,"[68,1,4,5,1]","[""+"",""-"",""-"",""+""]",68+1-4-5+1,61,10,3
elementary-level,10,regular,Elementry 10th Week,Addition/Subtraction,Set 2,20,1,"[46,1,2,2,5]","[""-"",""+"",""+"",""-""]",46-1+2+2-5,44,10,3
elementary-level,10,regular,Elementry 10th Week,Addition/Subtraction,Set 2,20,2,"[31,3,2,6,5]","[""+"",""-"",""+"",""-""]",31+3-2+6-5,33,10,3
elementary-level,10,regular,Elementry 10th Week,Addition/Subtraction,Set 2,20,3,"[43,2,3,5,9]","[""-"",""+"",""+"",""-""]",43-2+3+5-9,40,10,3
elementary-level,10,regular,Elementry 10th Week,Addition/Subtraction,Set 2,20,4,"[47,5,1,1,5]","[""-"",""+"",""+"",""-""]",47-5+1+1-5,49,10,3
elementary-level,10,regular,Elementry 10th Week,Addition/Subtraction,Set 2,20,5,"[57,5,1,1,3]","[""-"",""+"",""+"",""-""]",57-5+1+1-3,51,10,3
elementary-level,10,regular,Elementry 10th Week,Addition/Subtraction,Set 2,20,6,"[68,5,1,4,8]","[""-"",""+"",""-"",""+""]",68-5+1-4+8,68,10,3
elementary-level,10,regular,Elementry 10th Week,Addition/Subtraction,Set 2,20,7,"[76,1,2,2,2]","[""+"",""-"",""+"",""+""]",76+1-2+2+2,79,10,3
elementary-level,10,regular,Elementry 10th Week,Addition/Subtraction,Set 2,20,8,"[81,5,2,1,5]","[""+"",""+"",""+"",""-""]",81+5+2+1-5,84,10,3
elementary-level,10,regular,Elementry 10th Week,Addition/Subtraction,Set 2,20,9,"[35,2,2,5,5]","[""+"",""+"",""-"",""+""]",35+2+2-5+5,39,10,3
elementary-level,10,regular,Elementry 10th Week,Addition/Subtraction,Set 2,20,10,"[82,1,5,1,7]","[""-"",""+"",""+"",""-""]",82-1+5+1-7,80,10,3
