level_slug,week_number,week_type,week_title,question_type_name,set_name,set_number,question_number,digits,operators,formatted_question,answer,time_limit,difficulty
intermediate-level,6,regular,Intermediate 6th Week,Addition/Subtraction,Set 1,10,1,"[7,2,1,9,5]","[""+"",""+"",""-"",""+""]",7+2+1-9+5,6,10,3
intermediate-level,6,regular,Intermediate 6th Week,Addition/Subtraction,Set 1,10,2,"[5,5,9,3,6]","[""+"",""-"",""+"",""+""]",5+5-9+3+6,10,10,3
intermediate-level,6,regular,Intermediate 6th Week,Addition/Subtraction,Set 1,10,3,"[2,3,5,9,8]","[""+"",""+"",""-"",""+""]",2+3+5-9+8,9,10,3
intermediate-level,6,regular,Intermediate 6th Week,Addition/Subtraction,Set 1,10,4,"[1,3,2,3,9]","[""+"",""+"",""+"",""-""]",1+3+2+3-9,0,10,3
intermediate-level,6,regular,Intermediate 6th Week,Addition/Subtraction,Set 1,10,5,"[7,3,1,9,5]","[""+"",""+"",""-"",""+""]",7+3+1-9+5,7,10,3
intermediate-level,6,regular,Intermediate 6th Week,Addition/Subtraction,Set 1,10,6,"[8,5,7,9,8]","[""-"",""+"",""-"",""+""]",8-5+7-9+8,9,10,3
intermediate-level,6,regular,Intermediate 6th Week,Addition/Subtraction,Set 1,10,7,"[2,2,6,2,9]","[""+"",""+"",""+"",""-""]",2+2+6+2-9,3,10,3
intermediate-level,6,regular,Intermediate 6th Week,Addition/Subtraction,Set 1,10,8,"[6,1,5,9,7]","[""-"",""+"",""-"",""+""]",6-1+5-9+7,8,10,3
intermediate-level,6,regular,Intermediate 6th Week,Addition/Subtraction,Set 1,10,9,"[8,3,5,2,9]","[""-"",""+"",""+"",""-""]",8-3+5+2-9,3,10,3
intermediate-level,6,regular,Intermediate 6th Week,Addition/Subtraction,Set 1,10,10,"[3,1,5,5,9]","[""-"",""+"",""+"",""-""]",3-1+5+5-9,3,10,3
intermediate-level,6,regular,Intermediate 6th Week,Addition/Subtraction,Set 2,20,1,"[8,5,5,8,9]","[""-"",""+"",""+"",""-""]",8-5+5+8-9,7,10,3
intermediate-level,6,regular,Intermediate 6th Week,Addition/Subtraction,Set 2,20,2,"[5,4,1,2,9]","[""+"",""+"",""+"",""-""]",5+4+1+2-9,3,10,3
intermediate-level,6,regular,Intermediate 6th Week,Addition/Subtraction,Set 2,20,3,"[3,5,5,1,9]","[""+"",""+"",""-"",""-""]",3+5+5-1-9,3,10,3
intermediate-level,6,regular,Intermediate 6th Week,Addition/Subtraction,Set 2,20,4,"[4,1,7,2,9]","[""-"",""+"",""+"",""-""]",4-1+7+2-9,3,10,3
intermediate-level,6,regular,Intermediate 6th Week,Addition/Subtraction,Set 2,20,5,"[6,1,8,2,9]","[""+"",""+"",""+"",""-""]",6+1+8+2-9,8,10,3
intermediate-level,6,regular,Intermediate 6th Week,Addition/Subtraction,Set 2,20,6,"[9,6,3,9,5]","[""+"",""+"",""-"",""-""]",9+6-3-9-5,4,10,3
intermediate-level,6,regular,Intermediate 6th Week,Addition/Subtraction,Set 2,20,7,"[1,2,5,5,9]","[""+"",""+"",""+"",""-""]",1+2+5+5-9,4,10,3
intermediate-level,6,regular,Intermediate 6th Week,Addition/Subtraction,Set 2,20,8,"[8,1,9,2,9]","[""+"",""+"",""-"",""-""]",8+1-9-2-9,7,10,3
intermediate-level,6,regular,Intermediate 6th Week,Addition/Subtraction,Set 2,20,9,"[4,3,4,2,9]","[""+"",""+"",""+"",""-""]",4+3+4+2-9,4,10,3
intermediate-level,6,regular,Intermediate 6th Week,Addition/Subtraction,Set 2,20,10,"[9,6,7,2,9]","[""-"",""+"",""+"",""-""]",9-6+7+2-9,3,10,3
intermediate-level,6,regular,Intermediate 6th Week,Addition/Subtraction,Set 3,30,1,"[5,4,2,9,4]","[""+"",""+"",""+"",""+""]",5+4+2+9+4,24,10,3
intermediate-level,6,regular,Intermediate 6th Week,Addition/Subtraction,Set 3,30,2,"[2,3,1,9,3]","[""+"",""+"",""+"",""+""]",2+3+1+9+3,18,10,3
intermediate-level,6,regular,Intermediate 6th Week,Addition/Subtraction,Set 3,30,3,"[2,2,9,2,5]","[""+"",""+"",""-"",""+""]",2+2+9-2+5,16,10,3
intermediate-level,6,regular,Intermediate 6th Week,Addition/Subtraction,Set 3,30,4,"[1,2,3,1,9]","[""+"",""+"",""+"",""+""]",1+2+3+1+9,16,10,3
intermediate-level,6,regular,Intermediate 6th Week,Addition/Subtraction,Set 3,30,5,"[7,7,4,9,3]","[""-"",""+"",""+"",""+""]",7-7+4+9+3,16,10,3
intermediate-level,6,regular,Intermediate 6th Week,Addition/Subtraction,Set 3,30,6,"[1,3,7,4,3]","[""+"",""+"",""-"",""+""]",1+3+7-4+3,10,10,3
intermediate-level,6,regular,Intermediate 6th Week,Addition/Subtraction,Set 3,30,7,"[1,8,1,3,3]","[""+"",""+"",""-"",""+""]",1+8+1-3+3,10,10,3
intermediate-level,6,regular,Intermediate 6th Week,Addition/Subtraction,Set 3,30,8,"[2,2,8,1,3]","[""+"",""+"",""+"",""-""]",2+2+8+1-3,10,10,3
intermediate-level,6,regular,Intermediate 6th Week,Addition/Subtraction,Set 3,30,9,"[1,1,5,9,5]","[""+"",""+"",""+"",""-""]",1+1+5+9-5,11,10,3
intermediate-level,6,regular,Intermediate 6th Week,Addition/Subtraction,Set 3,30,10,"[3,4,9,2,1]","[""+"",""+"",""+"",""+""]",3+4+9+2+1,19,10,3
intermediate-level,6,regular,Intermediate 6th Week,Addition/Subtraction,Set 4,40,1,"[1,2,4,8,2]","[""+"",""+"",""+"",""+""]",1+2+4+8+2,17,10,3
intermediate-level,6,regular,Intermediate 6th Week,Addition/Subtraction,Set 4,40,2,"[1,3,8,1,1]","[""+"",""+"",""-"",""+""]",1+3+8-1+1,12,10,3
intermediate-level,6,regular,Intermediate 6th Week,Addition/Subtraction,Set 4,40,3,"[2,3,4,8,1]","[""+"",""+"",""+"",""-""]",2+3+4+8-1,16,10,3
intermediate-level,6,regular,Intermediate 6th Week,Addition/Subtraction,Set 4,40,4,"[2,8,1,4,3]","[""+"",""+"",""+"",""-""]",2+8+1+4-3,12,10,3
intermediate-level,6,regular,Intermediate 6th Week,Addition/Subtraction,Set 4,40,5,"[6,1,8,5,5]","[""+"",""+"",""-"",""+""]",6+1+8-5+5,15,10,3
intermediate-level,6,regular,Intermediate 6th Week,Addition/Subtraction,Set 4,40,6,"[1,1,8,3,1]","[""+"",""+"",""+"",""+""]",1+1+8+3+1,14,10,3
intermediate-level,6,regular,Intermediate 6th Week,Addition/Subtraction,Set 4,40,7,"[2,1,8,5,3]","[""+"",""+"",""-"",""+""]",2+1+8-5+3,9,10,3
intermediate-level,6,regular,Intermediate 6th Week,Addition/Subtraction,Set 4,40,8,"[9,9,4,2,9]","[""+"",""+"",""-"",""+""]",9+9-4+2+9,25,10,3
intermediate-level,6,regular,Intermediate 6th Week,Addition/Subtraction,Set 4,40,9,"[6,1,1,9,1]","[""+"",""+"",""+"",""-""]",6+1+1+9-1,16,10,3
intermediate-level,6,regular,Intermediate 6th Week,Addition/Subtraction,Set 4,40,10,"[7,4,9,3,1]","[""+"",""+"",""+"",""+""]",7+4+9+3+1,22,10,3
intermediate-level,6,regular,Intermediate 6th Week,Addition/Subtraction,Set 5,50,1,"[1,7,9,8,1]","[""+"",""+"",""-"",""-""]",1+7+9-8-1,8,10,3
intermediate-level,6,regular,Intermediate 6th Week,Addition/Subtraction,Set 5,50,2,"[8,8,7,1,6]","[""+"",""-"",""+"",""-""]",8+8-7+1-6,4,10,3
intermediate-level,6,regular,Intermediate 6th Week,Addition/Subtraction,Set 5,50,3,"[4,4,3,2,7]","[""+"",""-"",""+"",""-""]",4+4-3+2-7,0,10,3
intermediate-level,6,regular,Intermediate 6th Week,Addition/Subtraction,Set 5,50,4,"[6,3,7,1,1]","[""-"",""+"",""+"",""+""]",6-3+7+1+1,12,10,3
intermediate-level,6,regular,Intermediate 6th Week,Addition/Subtraction,Set 5,50,5,"[1,8,7,6,1]","[""+"",""-"",""-"",""+""]",1+8-7-6+1,11,10,3
intermediate-level,6,regular,Intermediate 6th Week,Addition/Subtraction,Set 5,50,6,"[2,8,1,7,3]","[""+"",""-"",""-"",""+""]",2+8-1-7+3,7,10,3
intermediate-level,6,regular,Intermediate 6th Week,Addition/Subtraction,Set 5,50,7,"[7,4,7,6,1]","[""-"",""+"",""+"",""+""]",7-4+7+6+1,17,10,3
intermediate-level,6,regular,Intermediate 6th Week,Addition/Subtraction,Set 5,50,8,"[5,1,1,2,2]","[""-"",""+"",""+"",""+""]",5-1+1+2+2,9,10,3
intermediate-level,6,regular,Intermediate 6th Week,Addition/Subtraction,Set 5,50,9,"[8,7,1,2,2]","[""+"",""-"",""+"",""+""]",8+7-1+2+2,18,10,3
intermediate-level,6,regular,Intermediate 6th Week,Addition/Subtraction,Set 5,50,10,"[8,3,4,7,1]","[""-"",""+"",""+"",""+""]",8-3+4+7+1,17,10,3
intermediate-level,6,regular,Intermediate 6th Week,Addition/Subtraction,Set 6,60,1,"[7,2,7,6,6]","[""+"",""+"",""-"",""+""]",7+2+7-6+6,16,10,3
intermediate-level,6,regular,Intermediate 6th Week,Addition/Subtraction,Set 6,60,2,"[8,1,1,6,2]","[""+"",""+"",""-"",""+""]",8+1+1-6+2,6,10,3
intermediate-level,6,regular,Intermediate 6th Week,Addition/Subtraction,Set 6,60,3,"[2,1,7,3,3]","[""+"",""+"",""+"",""-""]",2+1+7+3-3,10,10,3
intermediate-level,6,regular,Intermediate 6th Week,Addition/Subtraction,Set 6,60,4,"[4,5,5,1,6]","[""+"",""-"",""-"",""+""]",4+5-5-1+6,9,10,3
intermediate-level,6,regular,Intermediate 6th Week,Addition/Subtraction,Set 6,60,5,"[1,3,4,2,2]","[""+"",""+"",""-"",""+""]",1+3+4-2+2,8,10,3
intermediate-level,6,regular,Intermediate 6th Week,Addition/Subtraction,Set 6,60,6,"[2,2,3,1,5]","[""+"",""+"",""+"",""-""]",2+2+3+1-5,3,10,3
intermediate-level,6,regular,Intermediate 6th Week,Addition/Subtraction,Set 6,60,7,"[8,7,1,2,2]","[""+"",""-"",""+"",""+""]",8+7-1+2+2,18,10,3
intermediate-level,6,regular,Intermediate 6th Week,Addition/Subtraction,Set 6,60,8,"[1,1,7,2,1]","[""-"",""+"",""+"",""+""]",1-1+7+2+1,10,10,3
intermediate-level,6,regular,Intermediate 6th Week,Addition/Subtraction,Set 6,60,9,"[7,5,1,2,4]","[""-"",""+"",""+"",""-""]",7-5+1+2-4,1,10,3
intermediate-level,6,regular,Intermediate 6th Week,Addition/Subtraction,Set 6,60,10,"[5,1,1,2,2]","[""-"",""+"",""+"",""+""]",5-1+1+2+2,9,10,3
intermediate-level,6,regular,Intermediate 6th Week,Addition/Subtraction,Set 7,70,1,"[2,4,5,1,4]","[""+"",""+"",""-"",""+""]",2+4+5-1+4,14,10,3
intermediate-level,6,regular,Intermediate 6th Week,Addition/Subtraction,Set 7,70,2,"[5,3,6,1,4]","[""-"",""+"",""+"",""-""]",5-3+6+1-4,5,10,3
intermediate-level,6,regular,Intermediate 6th Week,Addition/Subtraction,Set 7,70,3,"[8,2,3,4,2]","[""+"",""+"",""+"",""+""]",8+2+3+4+2,19,10,3
intermediate-level,6,regular,Intermediate 6th Week,Addition/Subtraction,Set 7,70,4,"[9,7,4,5,1]","[""-"",""+"",""+"",""-""]",9-7+4+5-1,10,10,3
intermediate-level,6,regular,Intermediate 6th Week,Addition/Subtraction,Set 7,70,5,"[7,4,2,3,8]","[""-"",""+"",""+"",""+""]",7-4+2+3+8,16,10,3
intermediate-level,6,regular,Intermediate 6th Week,Addition/Subtraction,Set 7,70,6,"[3,5,4,9,5]","[""+"",""-"",""+"",""+""]",3+5-4+9+5,18,10,3
intermediate-level,6,regular,Intermediate 6th Week,Addition/Subtraction,Set 7,70,7,"[7,3,1,2,4]","[""-"",""+"",""+"",""+""]",7-3+1+2+4,11,10,3
intermediate-level,6,regular,Intermediate 6th Week,Addition/Subtraction,Set 7,70,8,"[6,4,8,3,2]","[""+"",""-"",""+"",""+""]",6+4-8+3+2,7,10,3
intermediate-level,6,regular,Intermediate 6th Week,Addition/Subtraction,Set 7,70,9,"[3,7,9,2,8]","[""+"",""-"",""+"",""+""]",3+7-9+2+8,11,10,3
intermediate-level,6,regular,Intermediate 6th Week,Addition/Subtraction,Set 7,70,10,"[4,1,5,4,2]","[""+"",""+"",""-"",""+""]",4+1+5-4+2,8,10,3
intermediate-level,6,regular,Intermediate 6th Week,Addition/Subtraction,Set 8,80,1,"[6,3,6,2,2]","[""+"",""+"",""+"",""+""]",6+3+6+2+2,19,10,3
intermediate-level,6,regular,Intermediate 6th Week,Addition/Subtraction,Set 8,80,2,"[9,5,6,1,9]","[""-"",""+"",""+"",""-""]",9-5+6+1-9,2,10,3
intermediate-level,6,regular,Intermediate 6th Week,Addition/Subtraction,Set 8,80,3,"[7,2,6,5,3]","[""+"",""+"",""-"",""+""]",7+2+6-5+3,13,10,3
intermediate-level,6,regular,Intermediate 6th Week,Addition/Subtraction,Set 8,80,4,"[3,1,6,7,7]","[""+"",""+"",""+"",""-""]",3+1+6+7-7,10,10,3
intermediate-level,6,regular,Intermediate 6th Week,Addition/Subtraction,Set 8,80,5,"[1,3,6,7,2]","[""+"",""+"",""+"",""-""]",1+3+6+7-2,15,10,3
intermediate-level,6,regular,Intermediate 6th Week,Addition/Subtraction,Set 8,80,6,"[1,1,2,6,5]","[""+"",""+"",""+"",""+""]",1+1+2+6+5,15,10,3
intermediate-level,6,regular,Intermediate 6th Week,Addition/Subtraction,Set 8,80,7,"[6,4,8,3,2]","[""-"",""+"",""+"",""+""]",6-4+8+3+2,15,10,3
intermediate-level,6,regular,Intermediate 6th Week,Addition/Subtraction,Set 8,80,8,"[8,7,1,2,5]","[""+"",""-"",""+"",""+""]",8+7-1+2+5,21,10,3
intermediate-level,6,regular,Intermediate 6th Week,Addition/Subtraction,Set 8,80,9,"[3,7,8,8,3]","[""+"",""+"",""-"",""+""]",3+7+8-8+3,13,10,3
intermediate-level,6,regular,Intermediate 6th Week,Addition/Subtraction,Set 8,80,10,"[6,2,5,9,3]","[""+"",""+"",""+"",""-""]",6+2+5+9-3,19,10,3
intermediate-level,6,regular,Intermediate 6th Week,Addition/Subtraction,Set 9,90,1,"[2,2,4,8,1]","[""+"",""+"",""+"",""-""]",2+2+4+8-1,15,10,3
intermediate-level,6,regular,Intermediate 6th Week,Addition/Subtraction,Set 9,90,2,"[1,1,8,4,4]","[""+"",""+"",""+"",""+""]",1+1+8+4+4,18,10,3
intermediate-level,6,regular,Intermediate 6th Week,Addition/Subtraction,Set 9,90,3,"[5,5,2,8,3]","[""+"",""+"",""+"",""-""]",5+5+2+8-3,17,10,3
intermediate-level,6,regular,Intermediate 6th Week,Addition/Subtraction,Set 9,90,4,"[2,8,3,1,4]","[""+"",""+"",""-"",""-""]",2+8+3-1-4,8,10,3
intermediate-level,6,regular,Intermediate 6th Week,Addition/Subtraction,Set 9,90,5,"[2,8,1,4,5]","[""+"",""+"",""+"",""+""]",2+8+1+4+5,20,10,3
intermediate-level,6,regular,Intermediate 6th Week,Addition/Subtraction,Set 9,90,6,"[6,4,1,4,1]","[""+"",""+"",""+"",""-""]",6+4+1+4-1,14,10,3
intermediate-level,6,regular,Intermediate 6th Week,Addition/Subtraction,Set 9,90,7,"[6,2,8,4,3]","[""+"",""+"",""-"",""+""]",6+2+8-4+3,15,10,3
intermediate-level,6,regular,Intermediate 6th Week,Addition/Subtraction,Set 9,90,8,"[2,2,8,3,1]","[""+"",""+"",""-"",""+""]",2+2+8-3+1,10,10,3
intermediate-level,6,regular,Intermediate 6th Week,Addition/Subtraction,Set 9,90,9,"[6,1,8,5,2]","[""+"",""+"",""-"",""+""]",6+1+8-5+2,12,10,3
intermediate-level,6,regular,Intermediate 6th Week,Addition/Subtraction,Set 9,90,10,"[1,1,8,3,1]","[""+"",""+"",""+"",""-""]",1+1+8+3-1,12,10,3
intermediate-level,6,regular,Intermediate 6th Week,Addition/Subtraction,Set 10,100,1,"[9,4,1,5,2]","[""-"",""-"",""+"",""+""]",9-4-1+5+2,11,10,3
intermediate-level,6,regular,Intermediate 6th Week,Addition/Subtraction,Set 10,100,2,"[5,1,5,9,4]","[""+"",""+"",""-"",""+""]",5+1+5-9+4,6,10,3
intermediate-level,6,regular,Intermediate 6th Week,Addition/Subtraction,Set 10,100,3,"[4,1,1,3,9]","[""+"",""-"",""-"",""+""]",4+1-1-3+9,10,10,3
intermediate-level,6,regular,Intermediate 6th Week,Addition/Subtraction,Set 10,100,4,"[6,1,1,9,4]","[""-"",""-"",""+"",""+""]",6-1-1+9+4,17,10,3
intermediate-level,6,regular,Intermediate 6th Week,Addition/Subtraction,Set 10,100,5,"[3,2,1,1,7]","[""+"",""-"",""-"",""+""]",3+2-1-1+7,10,10,3
intermediate-level,6,regular,Intermediate 6th Week,Addition/Subtraction,Set 10,100,6,"[2,3,1,9,2]","[""+"",""-"",""+"",""+""]",2+3-1+9+2,15,10,3
intermediate-level,6,regular,Intermediate 6th Week,Addition/Subtraction,Set 10,100,7,"[9,7,3,1,2]","[""-"",""+"",""-"",""+""]",9-7+3-1+2,6,10,3
intermediate-level,6,regular,Intermediate 6th Week,Addition/Subtraction,Set 10,100,8,"[4,1,1,5,2]","[""+"",""-"",""+"",""+""]",4+1-1+5+2,11,10,3
intermediate-level,6,regular,Intermediate 6th Week,Addition/Subtraction,Set 10,100,9,"[8,3,1,2,2]","[""-"",""-"",""+"",""+""]",8-3-1+2+2,8,10,3
intermediate-level,6,regular,Intermediate 6th Week,Addition/Subtraction,Set 10,100,10,"[9,4,1,5,9]","[""-"",""-"",""+"",""-""]",9-4-1+5-9,0,10,3
