level_slug,week_number,week_type,week_title,question_type_name,set_name,set_number,question_number,digits,operators,formatted_question,answer,time_limit,difficulty
intermediate-level,1,regular,Intermediate 1st Week,Addition/Subtraction,Set 1,10,1,"[2,2,1,3,1]","[""+"",""+"",""+"",""+""]",2+2+1+3+1,9,10,3
intermediate-level,1,regular,Intermediate 1st Week,Addition/Subtraction,Set 1,10,2,"[2,5,5,2,1]","[""+"",""-"",""+"",""+""]",2+5-5+2+1,5,10,3
intermediate-level,1,regular,Intermediate 1st Week,Addition/Subtraction,Set 1,10,3,"[4,3,3,1,4]","[""-"",""+"",""+"",""+""]",4-3+3+1+4,9,10,3
intermediate-level,1,regular,Intermediate 1st Week,Addition/Subtraction,Set 1,10,4,"[5,4,9,4,1]","[""+"",""-"",""+"",""+""]",5+4-9+4+1,5,10,3
intermediate-level,1,regular,Intermediate 1st Week,Addition/Subtraction,Set 1,10,5,"[2,2,1,5,7]","[""+"",""+"",""-"",""+""]",2+2+1-5+7,7,10,3
intermediate-level,1,regular,Intermediate 1st Week,Addition/Subtraction,Set 1,10,6,"[1,3,1,4,2]","[""+"",""+"",""+"",""-""]",1+3+1+4-2,7,10,3
intermediate-level,1,regular,Intermediate 1st Week,Addition/Subtraction,Set 1,10,7,"[1,1,1,1,1]","[""+"",""+"",""+"",""+""]",1+1+1+1+1,5,10,3
intermediate-level,1,regular,Intermediate 1st Week,Addition/Subtraction,Set 1,10,8,"[4,1,2,2,2]","[""+"",""+"",""+"",""-""]",4+1+2+2-2,7,10,3
intermediate-level,1,regular,Intermediate 1st Week,Addition/Subtraction,Set 1,10,9,"[2,2,1,5,2]","[""+"",""+"",""-"",""+""]",2+2+1-5+2,2,10,3
intermediate-level,1,regular,Intermediate 1st Week,Addition/Subtraction,Set 1,10,10,"[5,4,9,4,1]","[""+"",""-"",""+"",""+""]",5+4-9+4+1,5,10,3
intermediate-level,1,regular,Intermediate 1st Week,Addition/Subtraction,Set 2,20,1,"[4,5,5,1,2]","[""+"",""-"",""+"",""+""]",4+5-5+1+2,7,10,3
intermediate-level,1,regular,Intermediate 1st Week,Addition/Subtraction,Set 2,20,2,"[7,2,5,1,3]","[""+"",""-"",""+"",""+""]",7+2-5+1+3,8,10,3
intermediate-level,1,regular,Intermediate 1st Week,Addition/Subtraction,Set 2,20,3,"[8,5,1,1,4]","[""-"",""+"",""+"",""+""]",8-5+1+1+4,9,10,3
intermediate-level,1,regular,Intermediate 1st Week,Addition/Subtraction,Set 2,20,4,"[9,5,1,2,2]","[""-"",""+"",""+"",""+""]",9-5+1+2+2,9,10,3
intermediate-level,1,regular,Intermediate 1st Week,Addition/Subtraction,Set 2,20,5,"[6,5,3,1,1]","[""-"",""+"",""+"",""+""]",6-5+3+1+1,6,10,3
intermediate-level,1,regular,Intermediate 1st Week,Addition/Subtraction,Set 2,20,6,"[7,6,3,1,4]","[""-"",""+"",""+"",""+""]",7-6+3+1+4,9,10,3
intermediate-level,1,regular,Intermediate 1st Week,Addition/Subtraction,Set 2,20,7,"[8,7,3,1,3]","[""-"",""+"",""+"",""+""]",8-7+3+1+3,8,10,3
intermediate-level,1,regular,Intermediate 1st Week,Addition/Subtraction,Set 2,20,8,"[4,1,3,7,2]","[""+"",""+"",""-"",""+""]",4+1+3-7+2,3,10,3
intermediate-level,1,regular,Intermediate 1st Week,Addition/Subtraction,Set 2,20,9,"[9,5,1,2,2]","[""-"",""+"",""+"",""+""]",9-5+1+2+2,9,10,3
intermediate-level,1,regular,Intermediate 1st Week,Addition/Subtraction,Set 2,20,10,"[9,8,3,1,1]","[""-"",""+"",""+"",""+""]",9-8+3+1+1,6,10,3
intermediate-level,1,regular,Intermediate 1st Week,Addition/Subtraction,Set 3,30,1,"[2,1,2,4,9]","[""+"",""+"",""+"",""-""]",2+1+2+4-9,0,10,3
intermediate-level,1,regular,Intermediate 1st Week,Addition/Subtraction,Set 3,30,2,"[1,3,2,2,1]","[""+"",""+"",""+"",""+""]",1+3+2+2+1,9,10,3
intermediate-level,1,regular,Intermediate 1st Week,Addition/Subtraction,Set 3,30,3,"[5,4,9,3,2]","[""+"",""-"",""+"",""+""]",5+4-9+3+2,5,10,3
intermediate-level,1,regular,Intermediate 1st Week,Addition/Subtraction,Set 3,30,4,"[2,2,4,3,2]","[""+"",""-"",""+"",""+""]",2+2-4+3+2,5,10,3
intermediate-level,1,regular,Intermediate 1st Week,Addition/Subtraction,Set 3,30,5,"[5,3,8,3,2]","[""+"",""-"",""+"",""+""]",5+3-8+3+2,5,10,3
intermediate-level,1,regular,Intermediate 1st Week,Addition/Subtraction,Set 3,30,6,"[5,4,9,4,2]","[""+"",""-"",""+"",""+""]",5+4-9+4+2,6,10,3
intermediate-level,1,regular,Intermediate 1st Week,Addition/Subtraction,Set 3,30,7,"[7,2,5,2,1]","[""+"",""-"",""+"",""+""]",7+2-5+2+1,7,10,3
intermediate-level,1,regular,Intermediate 1st Week,Addition/Subtraction,Set 3,30,8,"[8,3,5,4,2]","[""-"",""-"",""+"",""+""]",8-3-5+4+2,6,10,3
intermediate-level,1,regular,Intermediate 1st Week,Addition/Subtraction,Set 3,30,9,"[6,5,3,2,2]","[""+"",""-"",""+"",""+""]",6-5+3+2+2,8,10,3
intermediate-level,1,regular,Intermediate 1st Week,Addition/Subtraction,Set 3,30,10,"[5,4,8,2,2]","[""+"",""-"",""+"",""+""]",5+4-8+2+2,5,10,3
intermediate-level,1,regular,Intermediate 1st Week,Addition/Subtraction,Set 4,40,1,"[3,2,4,8,1]","[""+"",""-"",""+"",""+""]",3+2-4+8+1,2,10,3
intermediate-level,1,regular,Intermediate 1st Week,Addition/Subtraction,Set 4,40,2,"[4,2,1,2,2]","[""-"",""+"",""+"",""+""]",4-2+1+2+2,7,10,3
intermediate-level,1,regular,Intermediate 1st Week,Addition/Subtraction,Set 4,40,3,"[8,5,2,3,6]","[""-"",""+"",""+"",""-""]",8-5+2+3-6,2,10,3
intermediate-level,1,regular,Intermediate 1st Week,Addition/Subtraction,Set 4,40,4,"[3,2,3,2,5]","[""-"",""+"",""+"",""-""]",3-2+3+2-5,1,10,3
intermediate-level,1,regular,Intermediate 1st Week,Addition/Subtraction,Set 4,40,5,"[4,1,2,2,7]","[""+"",""+"",""+"",""-""]",4+1+2+2-7,2,10,3
intermediate-level,1,regular,Intermediate 1st Week,Addition/Subtraction,Set 4,40,6,"[7,1,5,2,1]","[""+"",""-"",""+"",""+""]",7+1-5+2+1,6,10,3
intermediate-level,1,regular,Intermediate 1st Week,Addition/Subtraction,Set 4,40,7,"[4,2,5,1,2]","[""+"",""-"",""+"",""+""]",4+2-5+1+2,4,10,3
intermediate-level,1,regular,Intermediate 1st Week,Addition/Subtraction,Set 4,40,8,"[8,7,3,1,2]","[""-"",""+"",""+"",""+""]",8-7+3+1+2,7,10,3
intermediate-level,1,regular,Intermediate 1st Week,Addition/Subtraction,Set 4,40,9,"[9,6,2,4,8]","[""-"",""+"",""+"",""-""]",9-6+2+4-8,1,10,3
intermediate-level,1,regular,Intermediate 1st Week,Addition/Subtraction,Set 4,40,10,"[9,6,2,5,3]","[""-"",""+"",""-"",""+""]",9-6+2-5+3,3,10,3
intermediate-level,1,regular,Intermediate 1st Week,Addition/Subtraction,Set 5,50,1,"[2,3,1,6,5]","[""+"",""+"",""-"",""+""]",2+3+1-6+5,5,10,3
intermediate-level,1,regular,Intermediate 1st Week,Addition/Subtraction,Set 5,50,2,"[3,3,6,5,2]","[""+"",""+"",""-"",""+""]",3+3+6-5+2,7,10,3
intermediate-level,1,regular,Intermediate 1st Week,Addition/Subtraction,Set 5,50,3,"[2,2,3,5,1]","[""+"",""+"",""-"",""+""]",2+2+3-5+1,3,10,3
intermediate-level,1,regular,Intermediate 1st Week,Addition/Subtraction,Set 5,50,4,"[3,3,2,1,3]","[""+"",""+"",""+"",""-""]",3+3+2+1-3,6,10,3
intermediate-level,1,regular,Intermediate 1st Week,Addition/Subtraction,Set 5,50,5,"[4,3,2,1,1]","[""+"",""+"",""-"",""+""]",4+3-2+1+1,7,10,3
intermediate-level,1,regular,Intermediate 1st Week,Addition/Subtraction,Set 5,50,6,"[7,1,5,3,1]","[""-"",""-"",""+"",""+""]",7-1-5+3+1,7,10,3
intermediate-level,1,regular,Intermediate 1st Week,Addition/Subtraction,Set 5,50,7,"[8,6,3,2,2]","[""-"",""+"",""+"",""-""]",8-6+3+2-2,5,10,3
intermediate-level,1,regular,Intermediate 1st Week,Addition/Subtraction,Set 5,50,8,"[5,3,5,3,1]","[""+"",""-"",""+"",""+""]",5+3-5+3+1,7,10,3
intermediate-level,1,regular,Intermediate 1st Week,Addition/Subtraction,Set 5,50,9,"[7,5,3,1,1]","[""-"",""+"",""+"",""+""]",7-5+3+1+1,7,10,3
intermediate-level,1,regular,Intermediate 1st Week,Addition/Subtraction,Set 5,50,10,"[9,6,3,2,1]","[""-"",""+"",""+"",""+""]",9-6+3+2+1,9,10,3
intermediate-level,1,regular,Intermediate 1st Week,Addition/Subtraction,Set 6,60,1,"[5,3,6,3,1]","[""+"",""+"",""-"",""+""]",5+3-6+3+1,6,10,3
intermediate-level,1,regular,Intermediate 1st Week,Addition/Subtraction,Set 6,60,2,"[2,2,3,7,5]","[""+"",""+"",""-"",""+""]",2+2+3-7+5,5,10,3
intermediate-level,1,regular,Intermediate 1st Week,Addition/Subtraction,Set 6,60,3,"[6,1,5,3,4]","[""+"",""+"",""-"",""+""]",6+1-5+3+4,9,10,3
intermediate-level,1,regular,Intermediate 1st Week,Addition/Subtraction,Set 6,60,4,"[1,1,3,5,1]","[""+"",""+"",""-"",""+""]",1+1+3-5+1,1,10,3
intermediate-level,1,regular,Intermediate 1st Week,Addition/Subtraction,Set 6,60,5,"[3,3,2,8,1]","[""+"",""+"",""-"",""+""]",3+3+2-8+1,1,10,3
intermediate-level,1,regular,Intermediate 1st Week,Addition/Subtraction,Set 6,60,6,"[5,2,1,5,3]","[""+"",""+"",""+"",""-""]",5+2+1-5+3,6,10,3
intermediate-level,1,regular,Intermediate 1st Week,Addition/Subtraction,Set 6,60,7,"[1,1,3,1,6]","[""+"",""+"",""+"",""-""]",1+1+3+1-6,0,10,3
intermediate-level,1,regular,Intermediate 1st Week,Addition/Subtraction,Set 6,60,8,"[4,5,5,3,1]","[""+"",""-"",""+"",""+""]",4+5-5+3+1,8,10,3
intermediate-level,1,regular,Intermediate 1st Week,Addition/Subtraction,Set 6,60,9,"[5,3,5,3,3]","[""+"",""-"",""+"",""+""]",5+3-5+3+3,9,10,3
intermediate-level,1,regular,Intermediate 1st Week,Addition/Subtraction,Set 6,60,10,"[3,3,3,4,1]","[""+"",""+"",""-"",""+""]",3+3+3-4+1,6,10,3
intermediate-level,1,regular,Intermediate 1st Week,Addition/Subtraction,Set 7,70,1,"[3,5,7,4,5]","[""+"",""-"",""+"",""-""]",3+5-7+4-5,0,10,3
intermediate-level,1,regular,Intermediate 1st Week,Addition/Subtraction,Set 7,70,2,"[2,2,4,8,1]","[""+"",""+"",""-"",""+""]",2+2+4-8+1,1,10,3
intermediate-level,1,regular,Intermediate 1st Week,Addition/Subtraction,Set 7,70,3,"[6,1,4,5,4]","[""-"",""+"",""-"",""+""]",6-1+4-5+4,8,10,3
intermediate-level,1,regular,Intermediate 1st Week,Addition/Subtraction,Set 7,70,4,"[1,3,4,8,5]","[""+"",""+"",""-"",""+""]",1+3+4-8+5,5,10,3
intermediate-level,1,regular,Intermediate 1st Week,Addition/Subtraction,Set 7,70,5,"[2,1,4,2,5]","[""+"",""+"",""-"",""-""]",2+1+4-2-5,0,10,3
intermediate-level,1,regular,Intermediate 1st Week,Addition/Subtraction,Set 7,70,6,"[5,4,8,4,3]","[""+"",""-"",""+"",""+""]",5+4-8+4+3,8,10,3
intermediate-level,1,regular,Intermediate 1st Week,Addition/Subtraction,Set 7,70,7,"[8,5,4,7,5]","[""-"",""+"",""-"",""+""]",8-5+4-7+5,5,10,3
intermediate-level,1,regular,Intermediate 1st Week,Addition/Subtraction,Set 7,70,8,"[5,4,7,4,1]","[""+"",""-"",""+"",""+""]",5+4-7+4+1,7,10,3
intermediate-level,1,regular,Intermediate 1st Week,Addition/Subtraction,Set 7,70,9,"[2,2,1,4,2]","[""+"",""+"",""+"",""+""]",2+2+1+4+2,9,10,3
intermediate-level,1,regular,Intermediate 1st Week,Addition/Subtraction,Set 7,70,10,"[2,1,4,6,5]","[""+"",""+"",""-"",""+""]",2+1+4-6+5,6,10,3
intermediate-level,1,regular,Intermediate 1st Week,Addition/Subtraction,Set 8,80,1,"[5,1,5,4,2]","[""+"",""+"",""-"",""+""]",5+1+5-4+2,7,10,3
intermediate-level,1,regular,Intermediate 1st Week,Addition/Subtraction,Set 8,80,2,"[1,5,5,4,3]","[""+"",""+"",""-"",""+""]",1+5+5-4+3,8,10,3
intermediate-level,1,regular,Intermediate 1st Week,Addition/Subtraction,Set 8,80,3,"[9,7,4,3,8]","[""-"",""+"",""+"",""-""]",9-7+4+3-8,1,10,3
intermediate-level,1,regular,Intermediate 1st Week,Addition/Subtraction,Set 8,80,4,"[5,3,7,4,5]","[""+"",""+"",""-"",""-""]",5+3+7-4-5,0,10,3
intermediate-level,1,regular,Intermediate 1st Week,Addition/Subtraction,Set 8,80,5,"[1,1,4,6,2]","[""+"",""+"",""-"",""+""]",1+1+4-6+2,2,10,3
intermediate-level,1,regular,Intermediate 1st Week,Addition/Subtraction,Set 8,80,6,"[5,3,5,4,7]","[""+"",""-"",""+"",""-""]",5+3-5+4-7,0,10,3
intermediate-level,1,regular,Intermediate 1st Week,Addition/Subtraction,Set 8,80,7,"[5,4,7,4,2]","[""+"",""-"",""+"",""+""]",5+4-7+4+2,8,10,3
intermediate-level,1,regular,Intermediate 1st Week,Addition/Subtraction,Set 8,80,8,"[3,5,6,4,2]","[""+"",""-"",""+"",""+""]",3+5-6+4+2,8,10,3
intermediate-level,1,regular,Intermediate 1st Week,Addition/Subtraction,Set 8,80,9,"[7,1,6,4,2]","[""+"",""-"",""+"",""+""]",7+1-6+4+2,8,10,3
intermediate-level,1,regular,Intermediate 1st Week,Addition/Subtraction,Set 8,80,10,"[2,5,5,4,1]","[""+"",""-"",""+"",""+""]",2+5-5+4+1,7,10,3
intermediate-level,1,regular,Intermediate 1st Week,Addition/Subtraction,Set 9,90,1,"[5,1,5,7,2]","[""-"",""+"",""-"",""+""]",5-1+5-7+2,4,10,3
intermediate-level,1,regular,Intermediate 1st Week,Addition/Subtraction,Set 9,90,2,"[3,1,5,4,1]","[""+"",""+"",""-"",""-""]",3+1+5-4-1,4,10,3
intermediate-level,1,regular,Intermediate 1st Week,Addition/Subtraction,Set 9,90,3,"[8,7,5,1,1]","[""-"",""+"",""-"",""-""]",8-7+5-1-1,4,10,3
intermediate-level,1,regular,Intermediate 1st Week,Addition/Subtraction,Set 9,90,4,"[3,5,3,1,2]","[""+"",""-"",""-"",""+""]",3+5-3-1+2,6,10,3
intermediate-level,1,regular,Intermediate 1st Week,Addition/Subtraction,Set 9,90,5,"[5,1,3,5,2]","[""-"",""-"",""+"",""+""]",5-1-3+5+2,8,10,3
intermediate-level,1,regular,Intermediate 1st Week,Addition/Subtraction,Set 9,90,6,"[2,5,2,1,3]","[""+"",""-"",""-"",""+""]",2+5-2-1+3,1,10,3
intermediate-level,1,regular,Intermediate 1st Week,Addition/Subtraction,Set 9,90,7,"[8,3,1,5,3]","[""-"",""-"",""+"",""-""]",8-3-1+5-3,6,10,3
intermediate-level,1,regular,Intermediate 1st Week,Addition/Subtraction,Set 9,90,8,"[7,2,3,3,1]","[""-"",""+"",""-"",""-""]",7-2+3-3-1,4,10,3
intermediate-level,1,regular,Intermediate 1st Week,Addition/Subtraction,Set 9,90,9,"[9,4,1,5,8]","[""-"",""-"",""+"",""-""]",9-4-1+5-8,1,10,3
intermediate-level,1,regular,Intermediate 1st Week,Addition/Subtraction,Set 9,90,10,"[7,2,1,5,4]","[""-"",""-"",""+"",""-""]",7-2-1+5-4,5,10,3
intermediate-level,1,regular,Intermediate 1st Week,Addition/Subtraction,Set 10,100,1,"[9,2,2,4,1]","[""-"",""+"",""-"",""-""]",9-2+2-4-1,4,10,3
intermediate-level,1,regular,Intermediate 1st Week,Addition/Subtraction,Set 10,100,2,"[2,2,5,1,5]","[""-"",""+"",""-"",""+""]",2-2+5-1+5,9,10,3
intermediate-level,1,regular,Intermediate 1st Week,Addition/Subtraction,Set 10,100,3,"[3,5,2,1,1]","[""+"",""-"",""-"",""-""]",3+5-2-1-1,4,10,3
intermediate-level,1,regular,Intermediate 1st Week,Addition/Subtraction,Set 10,100,4,"[9,3,6,5,1]","[""-"",""-"",""+"",""-""]",9-3-6+5-1,4,10,3
intermediate-level,1,regular,Intermediate 1st Week,Addition/Subtraction,Set 10,100,5,"[5,3,3,1,5]","[""+"",""-"",""-"",""+""]",5+3-3-1+5,9,10,3
intermediate-level,1,regular,Intermediate 1st Week,Addition/Subtraction,Set 10,100,6,"[6,6,5,1,4]","[""-"",""+"",""-"",""-""]",6-6+5-1-4,0,10,3
intermediate-level,1,regular,Intermediate 1st Week,Addition/Subtraction,Set 10,100,7,"[8,1,7,5,1]","[""-"",""+"",""-"",""+""]",8-1+7-5+1,4,10,3
intermediate-level,1,regular,Intermediate 1st Week,Addition/Subtraction,Set 10,100,8,"[5,3,3,1,5]","[""+"",""-"",""-"",""+""]",5+3-3-1+5,9,10,3
intermediate-level,1,regular,Intermediate 1st Week,Addition/Subtraction,Set 10,100,9,"[8,1,4,1,3]","[""+"",""-"",""-"",""-""]",8+1-4-1-3,1,10,3
intermediate-level,1,regular,Intermediate 1st Week,Addition/Subtraction,Set 10,100,10,"[3,5,1,4,1]","[""+"",""-"",""+"",""-""]",3+5-1+4-1,4,10,3
