level_slug,week_number,week_type,week_title,question_type_name,set_name,set_number,question_number,digits,operators,formatted_question,answer,time_limit,difficulty
intermediate-level,2,regular,Intermediate 2nd Week,Addition/Subtraction,Set 1,10,1,"[2,2,5,4,2]","[""+"",""-"",""+"",""+""]",2+2-5+4+2,3,10,3
intermediate-level,2,regular,Intermediate 2nd Week,Addition/Subtraction,Set 1,10,2,"[5,5,1,5,3]","[""+"",""-"",""+"",""-""]",5+5-1+5-3,3,10,3
intermediate-level,2,regular,Intermediate 2nd Week,Addition/Subtraction,Set 1,10,3,"[4,4,5,3,4]","[""+"",""-"",""+"",""-""]",4+4-5+3-4,4,10,3
intermediate-level,2,regular,Intermediate 2nd Week,Addition/Subtraction,Set 1,10,4,"[2,2,5,4,2]","[""+"",""-"",""+"",""-""]",2+2-5+4-2,3,10,3
intermediate-level,2,regular,Intermediate 2nd Week,Addition/Subtraction,Set 1,10,5,"[5,3,3,2,1]","[""+"",""-"",""+"",""+""]",5+3-3+2+1,4,10,3
intermediate-level,2,regular,Intermediate 2nd Week,Addition/Subtraction,Set 1,10,6,"[4,5,4,2,1]","[""+"",""-"",""-"",""+""]",4+5-4-2+1,4,10,3
intermediate-level,2,regular,Intermediate 2nd Week,Addition/Subtraction,Set 1,10,7,"[9,4,2,6,4]","[""-"",""-"",""+"",""-""]",9-4-2+6-4,5,10,3
intermediate-level,2,regular,Intermediate 2nd Week,Addition/Subtraction,Set 1,10,8,"[5,2,2,4,2]","[""+"",""+"",""-"",""-""]",5+2+2-4-2,3,10,3
intermediate-level,2,regular,Intermediate 2nd Week,Addition/Subtraction,Set 1,10,9,"[2,5,2,3,2]","[""+"",""-"",""-"",""-""]",2+5-2-3-2,4,10,3
intermediate-level,2,regular,Intermediate 2nd Week,Addition/Subtraction,Set 1,10,10,"[3,5,2,2,1]","[""+"",""-"",""-"",""-""]",3+5-2-2-1,3,10,3
intermediate-level,2,regular,Intermediate 2nd Week,Addition/Subtraction,Set 2,20,1,"[2,1,5,3,2]","[""+"",""+"",""-"",""-""]",2+1+5-3-2,3,10,3
intermediate-level,2,regular,Intermediate 2nd Week,Addition/Subtraction,Set 2,20,2,"[3,5,1,1,2]","[""+"",""-"",""+"",""-""]",3+5-1+1-2,4,10,3
intermediate-level,2,regular,Intermediate 2nd Week,Addition/Subtraction,Set 2,20,3,"[5,2,2,1,2]","[""-"",""-"",""+"",""-""]",5-2-2+1-2,4,10,3
intermediate-level,2,regular,Intermediate 2nd Week,Addition/Subtraction,Set 2,20,4,"[1,1,5,1,2]","[""+"",""-"",""+"",""-""]",1+1-5+1-2,4,10,3
intermediate-level,2,regular,Intermediate 2nd Week,Addition/Subtraction,Set 2,20,5,"[5,3,2,2,5]","[""-"",""-"",""-"",""+""]",5-3-2-2+5,9,10,3
intermediate-level,2,regular,Intermediate 2nd Week,Addition/Subtraction,Set 2,20,6,"[5,2,2,2,1]","[""-"",""-"",""+"",""+""]",5-2-2+2+1,4,10,3
intermediate-level,2,regular,Intermediate 2nd Week,Addition/Subtraction,Set 2,20,7,"[1,3,4,5,2]","[""+"",""+"",""-"",""-""]",1+3+4-5-2,3,10,3
intermediate-level,2,regular,Intermediate 2nd Week,Addition/Subtraction,Set 2,20,8,"[2,2,5,4,2]","[""+"",""-"",""-"",""-""]",2+2-5-4-2,3,10,3
intermediate-level,2,regular,Intermediate 2nd Week,Addition/Subtraction,Set 2,20,9,"[3,1,5,4,2]","[""+"",""-"",""-"",""-""]",3+1-5-4-2,3,10,3
intermediate-level,2,regular,Intermediate 2nd Week,Addition/Subtraction,Set 2,20,10,"[9,4,2,6,9]","[""-"",""-"",""+"",""-""]",9-4-2+6-9,0,10,3
intermediate-level,2,regular,Intermediate 2nd Week,Addition/Subtraction,Set 3,30,1,"[5,3,3,3,2]","[""+"",""-"",""-"",""+""]",5+3-3-3+2,4,10,3
intermediate-level,2,regular,Intermediate 2nd Week,Addition/Subtraction,Set 3,30,2,"[2,2,5,3,3]","[""+"",""-"",""-"",""-""]",2+2-5-3-3,3,10,3
intermediate-level,2,regular,Intermediate 2nd Week,Addition/Subtraction,Set 3,30,3,"[1,3,5,4,3]","[""+"",""-"",""-"",""-""]",1+3-5-4-3,2,10,3
intermediate-level,2,regular,Intermediate 2nd Week,Addition/Subtraction,Set 3,30,4,"[5,2,3,5,9]","[""+"",""-"",""+"",""-""]",5+2-3+5-9,0,10,3
intermediate-level,2,regular,Intermediate 2nd Week,Addition/Subtraction,Set 3,30,5,"[5,1,1,3,4]","[""+"",""+"",""-"",""-""]",5+1+1-3-4,0,10,3
intermediate-level,2,regular,Intermediate 2nd Week,Addition/Subtraction,Set 3,30,6,"[1,1,5,3,5]","[""+"",""-"",""-"",""+""]",1+1-5-3+5,9,10,3
intermediate-level,2,regular,Intermediate 2nd Week,Addition/Subtraction,Set 3,30,7,"[2,2,5,4,3]","[""+"",""-"",""-"",""-""]",2+2-5-4-3,2,10,3
intermediate-level,2,regular,Intermediate 2nd Week,Addition/Subtraction,Set 3,30,8,"[5,2,3,1,6]","[""+"",""-"",""-"",""+""]",5+2-3-1+6,9,10,3
intermediate-level,2,regular,Intermediate 2nd Week,Addition/Subtraction,Set 3,30,9,"[6,1,3,1,6]","[""-"",""-"",""+"",""+""]",6-1-3+1+6,9,10,3
intermediate-level,2,regular,Intermediate 2nd Week,Addition/Subtraction,Set 3,30,10,"[8,2,3,1,2]","[""-"",""-"",""+"",""-""]",8-2-3+1-2,2,10,3
intermediate-level,2,regular,Intermediate 2nd Week,Addition/Subtraction,Set 4,40,1,"[2,2,5,4,3]","[""+"",""-"",""-"",""-""]",2+2-5-4-3,2,10,3
intermediate-level,2,regular,Intermediate 2nd Week,Addition/Subtraction,Set 4,40,2,"[1,1,5,3,1]","[""+"",""-"",""-"",""-""]",1+1-5-3-1,3,10,3
intermediate-level,2,regular,Intermediate 2nd Week,Addition/Subtraction,Set 4,40,3,"[5,1,3,2,1]","[""-"",""-"",""+"",""+""]",5-1-3+2+1,2,10,3
intermediate-level,2,regular,Intermediate 2nd Week,Addition/Subtraction,Set 4,40,4,"[5,4,4,3,2]","[""-"",""-"",""+"",""+""]",5-4-4+3+2,4,10,3
intermediate-level,2,regular,Intermediate 2nd Week,Addition/Subtraction,Set 4,40,5,"[2,2,1,5,3]","[""-"",""+"",""+"",""-""]",2-2+1+5-3,3,10,3
intermediate-level,2,regular,Intermediate 2nd Week,Addition/Subtraction,Set 4,40,6,"[1,1,5,3,2]","[""-"",""+"",""-"",""+""]",1-1+5-3+2,4,10,3
intermediate-level,2,regular,Intermediate 2nd Week,Addition/Subtraction,Set 4,40,7,"[3,3,5,3,2]","[""-"",""+"",""-"",""+""]",3-3+5-3+2,4,10,3
intermediate-level,2,regular,Intermediate 2nd Week,Addition/Subtraction,Set 4,40,8,"[4,3,5,3,2]","[""-"",""+"",""-"",""-""]",4-3+5-3-2,1,10,3
intermediate-level,2,regular,Intermediate 2nd Week,Addition/Subtraction,Set 4,40,9,"[1,1,2,5,3]","[""+"",""-"",""+"",""-""]",1+1-2+5-3,2,10,3
intermediate-level,2,regular,Intermediate 2nd Week,Addition/Subtraction,Set 4,40,10,"[4,5,3,3,2]","[""+"",""-"",""-"",""-""]",4+5-3-3-2,1,10,3
intermediate-level,2,regular,Intermediate 2nd Week,Addition/Subtraction,Set 5,50,1,"[2,5,3,2,8]","[""+"",""-"",""+"",""-""]",2+5-3+2-8,9,10,3
intermediate-level,2,regular,Intermediate 2nd Week,Addition/Subtraction,Set 5,50,2,"[1,2,5,1,3]","[""+"",""-"",""+"",""-""]",1+2-5+1-3,0,10,3
intermediate-level,2,regular,Intermediate 2nd Week,Addition/Subtraction,Set 5,50,3,"[2,5,5,4,6]","[""+"",""-"",""+"",""-""]",2+5-5+4-6,4,10,3
intermediate-level,2,regular,Intermediate 2nd Week,Addition/Subtraction,Set 5,50,4,"[3,2,5,1,5]","[""+"",""-"",""+"",""-""]",3+2-5+1-5,7,10,3
intermediate-level,2,regular,Intermediate 2nd Week,Addition/Subtraction,Set 5,50,5,"[1,5,4,1,4]","[""+"",""-"",""+"",""-""]",1+5-4+1-4,1,10,3
intermediate-level,2,regular,Intermediate 2nd Week,Addition/Subtraction,Set 5,50,6,"[2,5,5,3,2]","[""+"",""-"",""+"",""-""]",2+5-5+3-2,3,10,3
intermediate-level,2,regular,Intermediate 2nd Week,Addition/Subtraction,Set 5,50,7,"[3,5,4,5,8]","[""+"",""-"",""+"",""-""]",3+5-4+5-8,1,10,3
intermediate-level,2,regular,Intermediate 2nd Week,Addition/Subtraction,Set 5,50,8,"[1,1,5,1,4]","[""+"",""-"",""+"",""-""]",1+1-5+1-4,2,10,3
intermediate-level,2,regular,Intermediate 2nd Week,Addition/Subtraction,Set 5,50,9,"[3,5,7,4,4]","[""+"",""-"",""+"",""-""]",3+5-7+4-4,2,10,3
intermediate-level,2,regular,Intermediate 2nd Week,Addition/Subtraction,Set 5,50,10,"[6,2,1,4,4]","[""+"",""-"",""+"",""-""]",6+2-1+4-4,3,10,3
intermediate-level,2,regular,Intermediate 2nd Week,Addition/Subtraction,Set 6,60,1,"[7,2,3,9,3]","[""+"",""-"",""+"",""-""]",7+2-3+9-3,8,10,3
intermediate-level,2,regular,Intermediate 2nd Week,Addition/Subtraction,Set 6,60,2,"[9,3,2,2,5]","[""+"",""-"",""+"",""-""]",9+3-2+2-5,0,10,3
intermediate-level,2,regular,Intermediate 2nd Week,Addition/Subtraction,Set 6,60,3,"[3,5,1,2,1]","[""+"",""-"",""+"",""-""]",3+5-1+2-1,0,10,3
intermediate-level,2,regular,Intermediate 2nd Week,Addition/Subtraction,Set 6,60,4,"[9,4,4,8,5]","[""+"",""-"",""+"",""-""]",9+4-4+8-5,9,10,3
intermediate-level,2,regular,Intermediate 2nd Week,Addition/Subtraction,Set 6,60,5,"[2,1,5,2,5]","[""+"",""-"",""+"",""-""]",2+1-5+2-5,1,10,3
intermediate-level,2,regular,Intermediate 2nd Week,Addition/Subtraction,Set 6,60,6,"[2,5,3,5,4]","[""+"",""-"",""+"",""-""]",2+5-3+5-4,3,10,3
intermediate-level,2,regular,Intermediate 2nd Week,Addition/Subtraction,Set 6,60,7,"[8,2,1,1,3]","[""+"",""-"",""+"",""-""]",8+2-1+1-3,4,10,3
intermediate-level,2,regular,Intermediate 2nd Week,Addition/Subtraction,Set 6,60,8,"[9,4,1,1,1]","[""+"",""-"",""+"",""-""]",9+4-1+1-1,3,10,3
intermediate-level,2,regular,Intermediate 2nd Week,Addition/Subtraction,Set 6,60,9,"[5,1,1,1,1]","[""+"",""-"",""+"",""-""]",5+1-1+1-1,2,10,3
intermediate-level,2,regular,Intermediate 2nd Week,Addition/Subtraction,Set 6,60,10,"[5,2,2,2,4]","[""+"",""-"",""+"",""-""]",5+2-2+2-4,1,10,3
intermediate-level,2,regular,Intermediate 2nd Week,Addition/Subtraction,Set 7,70,1,"[8,1,6,3,4]","[""+"",""-"",""+"",""-""]",8+1-6+3-4,11,10,3
intermediate-level,2,regular,Intermediate 2nd Week,Addition/Subtraction,Set 7,70,2,"[9,1,4,6,3]","[""+"",""-"",""+"",""-""]",9+1-4+6-3,17,10,3
intermediate-level,2,regular,Intermediate 2nd Week,Addition/Subtraction,Set 7,70,3,"[6,3,1,1,1]","[""+"",""-"",""+"",""-""]",6+3-1+1-1,14,10,3
intermediate-level,2,regular,Intermediate 2nd Week,Addition/Subtraction,Set 7,70,4,"[4,5,1,1,1]","[""+"",""-"",""+"",""-""]",4+5-1+1-1,17,10,3
intermediate-level,2,regular,Intermediate 2nd Week,Addition/Subtraction,Set 7,70,5,"[6,2,1,9,5]","[""+"",""-"",""+"",""-""]",6+2-1+9-5,15,10,3
intermediate-level,2,regular,Intermediate 2nd Week,Addition/Subtraction,Set 7,70,6,"[3,6,1,2,5]","[""+"",""-"",""+"",""-""]",3+6-1+2-5,17,10,3
intermediate-level,2,regular,Intermediate 2nd Week,Addition/Subtraction,Set 7,70,7,"[8,1,1,9,7]","[""+"",""-"",""+"",""-""]",8+1-1+9-7,17,10,3
intermediate-level,2,regular,Intermediate 2nd Week,Addition/Subtraction,Set 7,70,8,"[3,6,1,7,9]","[""+"",""-"",""+"",""-""]",3+6-1+7-9,19,10,3
intermediate-level,2,regular,Intermediate 2nd Week,Addition/Subtraction,Set 7,70,9,"[4,5,1,1,1]","[""+"",""-"",""+"",""-""]",4+5-1+1-1,15,10,3
intermediate-level,2,regular,Intermediate 2nd Week,Addition/Subtraction,Set 7,70,10,"[9,1,1,2,5]","[""+"",""-"",""+"",""-""]",9+1-1+2-5,19,10,3
intermediate-level,2,regular,Intermediate 2nd Week,Addition/Subtraction,Set 8,80,1,"[3,1,6,6,9]","[""+"",""-"",""+"",""-""]",3+1-6+6-9,13,10,3
intermediate-level,2,regular,Intermediate 2nd Week,Addition/Subtraction,Set 8,80,2,"[2,2,1,9,5]","[""+"",""-"",""+"",""-""]",2+2-1+9-5,17,10,3
intermediate-level,2,regular,Intermediate 2nd Week,Addition/Subtraction,Set 8,80,3,"[2,7,1,6,1]","[""+"",""-"",""+"",""-""]",2+7-1+6-1,17,10,3
intermediate-level,2,regular,Intermediate 2nd Week,Addition/Subtraction,Set 8,80,4,"[6,1,2,3,8]","[""+"",""-"",""+"",""-""]",6+1-2+3-8,18,10,3
intermediate-level,2,regular,Intermediate 2nd Week,Addition/Subtraction,Set 8,80,5,"[3,5,1,1,2]","[""+"",""-"",""+"",""-""]",3+5-1+1-2,12,10,3
intermediate-level,2,regular,Intermediate 2nd Week,Addition/Subtraction,Set 8,80,6,"[9,1,2,5,1]","[""+"",""-"",""+"",""-""]",9+1-2+5-1,19,10,3
intermediate-level,2,regular,Intermediate 2nd Week,Addition/Subtraction,Set 8,80,7,"[6,3,1,1,1]","[""+"",""-"",""+"",""-""]",6+3-1+1-1,10,10,3
intermediate-level,2,regular,Intermediate 2nd Week,Addition/Subtraction,Set 8,80,8,"[3,5,1,1,3]","[""+"",""-"",""+"",""-""]",3+5-1+1-3,13,10,3
intermediate-level,2,regular,Intermediate 2nd Week,Addition/Subtraction,Set 8,80,9,"[9,4,1,1,1]","[""+"",""-"",""+"",""-""]",9+4-1+1-1,15,10,3
intermediate-level,2,regular,Intermediate 2nd Week,Addition/Subtraction,Set 8,80,10,"[1,8,2,5,5]","[""+"",""-"",""+"",""-""]",1+8-2+5-5,17,10,3
intermediate-level,2,regular,Intermediate 2nd Week,Addition/Subtraction,Set 9,90,1,"[3,5,3,9,4]","[""+"",""-"",""+"",""-""]",3+5-3+9-4,16,10,3
intermediate-level,2,regular,Intermediate 2nd Week,Addition/Subtraction,Set 9,90,2,"[8,2,1,9,3]","[""+"",""-"",""+"",""-""]",8+2-1+9-3,10,10,3
intermediate-level,2,regular,Intermediate 2nd Week,Addition/Subtraction,Set 9,90,3,"[3,1,5,2,5]","[""+"",""-"",""+"",""-""]",3+1-5+2-5,16,10,3
intermediate-level,2,regular,Intermediate 2nd Week,Addition/Subtraction,Set 9,90,4,"[6,3,2,2,6]","[""+"",""-"",""+"",""-""]",6+3-2+2-6,14,10,3
intermediate-level,2,regular,Intermediate 2nd Week,Addition/Subtraction,Set 9,90,5,"[9,2,5,3,5]","[""+"",""-"",""+"",""-""]",9+2-5+3-5,13,10,3
intermediate-level,2,regular,Intermediate 2nd Week,Addition/Subtraction,Set 9,90,6,"[9,7,1,5,5]","[""+"",""-"",""+"",""-""]",9+7-1+5-5,15,10,3
intermediate-level,2,regular,Intermediate 2nd Week,Addition/Subtraction,Set 9,90,7,"[2,7,3,5,7]","[""+"",""-"",""+"",""-""]",2+7-3+5-7,19,10,3
intermediate-level,2,regular,Intermediate 2nd Week,Addition/Subtraction,Set 9,90,8,"[9,2,5,5,6]","[""+"",""-"",""+"",""-""]",9+2-5+5-6,10,10,3
intermediate-level,2,regular,Intermediate 2nd Week,Addition/Subtraction,Set 9,90,9,"[4,5,2,5,6]","[""+"",""-"",""+"",""-""]",4+5-2+5-6,10,10,3
intermediate-level,2,regular,Intermediate 2nd Week,Addition/Subtraction,Set 9,90,10,"[6,3,5,7,9]","[""+"",""-"",""+"",""-""]",6+3-5+7-9,10,10,3
intermediate-level,2,regular,Intermediate 2nd Week,Addition/Subtraction,Set 10,100,1,"[4,2,7,4,1]","[""+"",""-"",""+"",""-""]",4+2-7+4-1,19,10,3
intermediate-level,2,regular,Intermediate 2nd Week,Addition/Subtraction,Set 10,100,2,"[3,6,2,7,3]","[""+"",""-"",""+"",""-""]",3+6-2+7-3,19,10,3
intermediate-level,2,regular,Intermediate 2nd Week,Addition/Subtraction,Set 10,100,3,"[6,1,4,2,3]","[""+"",""-"",""+"",""-""]",6+1-4+2-3,16,10,3
intermediate-level,2,regular,Intermediate 2nd Week,Addition/Subtraction,Set 10,100,4,"[7,5,7,2,3]","[""+"",""-"",""+"",""-""]",7+5-7+2-3,19,10,3
intermediate-level,2,regular,Intermediate 2nd Week,Addition/Subtraction,Set 10,100,5,"[4,5,9,2,2]","[""+"",""-"",""+"",""-""]",4+5-9+2-2,11,10,3
intermediate-level,2,regular,Intermediate 2nd Week,Addition/Subtraction,Set 10,100,6,"[5,3,1,2,2]","[""+"",""-"",""+"",""-""]",5+3-1+2-2,13,10,3
intermediate-level,2,regular,Intermediate 2nd Week,Addition/Subtraction,Set 10,100,7,"[4,8,8,2,7]","[""+"",""-"",""+"",""-""]",4+8-8+2-7,18,10,3
intermediate-level,2,regular,Intermediate 2nd Week,Addition/Subtraction,Set 10,100,8,"[7,6,2,2,3]","[""+"",""-"",""+"",""-""]",7+6-2+2-3,14,10,3
intermediate-level,2,regular,Intermediate 2nd Week,Addition/Subtraction,Set 10,100,9,"[1,2,2,2,7]","[""+"",""-"",""+"",""-""]",1+2-2+2-7,18,10,3
intermediate-level,2,regular,Intermediate 2nd Week,Addition/Subtraction,Set 10,100,10,"[9,7,2,2,5]","[""+"",""-"",""+"",""-""]",9+7-2+2-5,15,10,3
