level_slug,week_number,week_type,week_title,question_type_name,set_name,set_number,question_number,digits,operators,formatted_question,answer,time_limit,difficulty
fourth-level,11,regular,4th Level 11th Week,Addition/Subtraction,Set 1,10,1,"[3234,4323,2321,2135,1896]","[""-"",""+"",""+"",""-""]",3234-4323+2321+2135-1896,1471,30,1
fourth-level,11,regular,4th Level 11th Week,Addition/Subtraction,Set 1,10,2,"[6578,2134,3433,7121,6543]","[""-"",""+"",""+"",""-""]",6578-2134+3433+7121-6543,8455,30,1
fourth-level,11,regular,4th Level 11th Week,Addition/Subtraction,Set 1,10,3,"[5432,3124,3244,3241,1254]","[""-"",""+"",""+"",""-""]",5432-3124+3244+3241-1254,7539,30,2
fourth-level,11,regular,4th Level 11th Week,Addition/Subtraction,Set 1,10,4,"[6754,3452,2344,2134,2210]","[""-"",""+"",""+"",""-""]",6754-3452+2344+2134-2210,5570,30,2
fourth-level,11,regular,4th Level 11th Week,Addition/Subtraction,Set 1,10,5,"[3211,4566,6900,7187,5234]","[""+"",""-"",""+"",""-""]",3211+4566-6900+7187-5234,2830,30,2
fourth-level,11,regular,4th Level 11th Week,Addition/Subtraction,Set 1,10,6,"[5432,1212,8324,3452,1283]","[""+"",""-"",""+"",""+""]",5432+1212-8324+3452+1283,3055,30,1
fourth-level,11,regular,4th Level 11th Week,Addition/Subtraction,Set 1,10,7,"[5432,2387,3425,2134,1225]","[""-"",""+"",""+"",""-""]",5432-2387+3425+2134-1225,7379,30,1
fourth-level,11,regular,4th Level 11th Week,Addition/Subtraction,Set 1,10,8,"[3456,1234,5455,4325,1267]","[""-"",""+"",""-"",""+""]",3456-1234+5455-4325+1267,4619,30,3
fourth-level,11,regular,4th Level 11th Week,Addition/Subtraction,Set 1,10,9,"[3409,4567,2314,4532,2345]","[""-"",""+"",""+"",""+""]",3409-4567+2314+4532+2345,8033,30,3
fourth-level,11,regular,4th Level 11th Week,Addition/Subtraction,Set 1,10,10,"[6789,2345,4567,4356,3456]","[""-"",""+"",""+"",""-""]",6789-2345+4567+4356-3456,9911,30,3
fourth-level,11,regular,4th Level 11th Week,Addition/Subtraction,Set 2,20,1,"[9876,2387,1287,1235,1225]","[""-"",""+"",""+"",""-""]",9876-2387+1287+1235-1225,8786,30,1
fourth-level,11,regular,4th Level 11th Week,Addition/Subtraction,Set 2,20,2,"[2345,1234,5463,4325,1267]","[""-"",""+"",""-"",""+""]",2345-1234+5463-4325+1267,3516,30,1
fourth-level,11,regular,4th Level 11th Week,Addition/Subtraction,Set 2,20,3,"[2312,4567,1234,4532,2345]","[""-"",""+"",""+"",""+""]",2312-4567+1234+4532+2345,5856,30,2
fourth-level,11,regular,4th Level 11th Week,Addition/Subtraction,Set 2,20,4,"[5467,2345,4321,4356,3456]","[""-"",""+"",""+"",""-""]",5467-2345+4321+4356-3456,8343,30,2
fourth-level,11,regular,4th Level 11th Week,Addition/Subtraction,Set 2,20,5,"[5678,4323,1786,2135,1896]","[""-"",""+"",""+"",""-""]",5678-4323+1786+2135-1896,3380,30,2
fourth-level,11,regular,4th Level 11th Week,Addition/Subtraction,Set 2,20,6,"[5643,2134,2122,7121,6543]","[""-"",""+"",""+"",""-""]",5643-2134+2122+7121-6543,6209,30,1
fourth-level,11,regular,4th Level 11th Week,Addition/Subtraction,Set 2,20,7,"[4563,3124,1253,3222,1254]","[""-"",""+"",""+"",""-""]",4563-3124+1253+3222-1254,4660,30,1
fourth-level,11,regular,4th Level 11th Week,Addition/Subtraction,Set 2,20,8,"[6754,3452,1925,2134,2210]","[""-"",""+"",""+"",""-""]",6754-3452+1925+2134-2210,5151,30,3
fourth-level,11,regular,4th Level 11th Week,Addition/Subtraction,Set 2,20,9,"[2134,4566,5134,3234,5234]","[""+"",""-"",""+"",""-""]",2134+4566-5134+3234-5234,-434,30,3
fourth-level,11,regular,4th Level 11th Week,Addition/Subtraction,Set 2,20,10,"[4563,1212,7685,3452,1283]","[""+"",""-"",""+"",""+""]",4563+1212-7685+3452+1283,2825,30,3
fourth-level,11,regular,4th Level 11th Week,Addition/Subtraction,Set 3,30,1,"[5678,4323,1786,2135,1896]","[""-"",""+"",""+"",""-""]",5678-4323+1786+2135-1896,3380,30,1
fourth-level,11,regular,4th Level 11th Week,Addition/Subtraction,Set 3,30,2,"[5643,2134,2122,7121,6543]","[""-"",""+"",""+"",""-""]",5643-2134+2122+7121-6543,6209,30,1
fourth-level,11,regular,4th Level 11th Week,Addition/Subtraction,Set 3,30,3,"[4563,3124,1253,3241,1254]","[""-"",""+"",""+"",""-""]",4563-3124+1253+3241-1254,4679,30,2
fourth-level,11,regular,4th Level 11th Week,Addition/Subtraction,Set 3,30,4,"[6754,3452,1925,2134,2210]","[""-"",""+"",""+"",""-""]",6754-3452+1925+2134-2210,5151,30,2
fourth-level,11,regular,4th Level 11th Week,Addition/Subtraction,Set 3,30,5,"[2134,4566,5134,7187,5234]","[""+"",""-"",""+"",""-""]",2134+4566-5134+7187-5234,3519,30,2
fourth-level,11,regular,4th Level 11th Week,Addition/Subtraction,Set 3,30,6,"[4563,1212,7685,3452,1283]","[""+"",""-"",""+"",""+""]",4563+1212-7685+3452+1283,2825,30,1
fourth-level,11,regular,4th Level 11th Week,Addition/Subtraction,Set 3,30,7,"[4563,2387,1287,2134,1225]","[""-"",""+"",""+"",""-""]",4563-2387+1287+2134-1225,4372,30,1
fourth-level,11,regular,4th Level 11th Week,Addition/Subtraction,Set 3,30,8,"[2345,1234,5463,4325,1267]","[""-"",""+"",""-"",""+""]",2345-1234+5463-4325+1267,3516,30,3
fourth-level,11,regular,4th Level 11th Week,Addition/Subtraction,Set 3,30,9,"[2312,4567,1234,4532,2345]","[""-"",""+"",""+"",""+""]",2312-4567+1234+4532+2345,5856,30,3
fourth-level,11,regular,4th Level 11th Week,Addition/Subtraction,Set 3,30,10,"[5467,2345,2134,4356,3456]","[""-"",""+"",""+"",""-""]",5467-2345+2134+4356-3456,6156,30,3
fourth-level,11,regular,4th Level 11th Week,Addition/Subtraction,Set 4,40,1,"[8765,2387,1287,2134,5655]","[""-"",""+"",""+"",""-""]",8765-2387+1287+2134-5655,4144,30,1
fourth-level,11,regular,4th Level 11th Week,Addition/Subtraction,Set 4,40,2,"[3444,1234,5463,4325,4322]","[""-"",""+"",""-"",""+""]",3444-1234+5463-4325+4322,7670,30,1
fourth-level,11,regular,4th Level 11th Week,Addition/Subtraction,Set 4,40,3,"[3455,4567,1234,4532,4333]","[""-"",""+"",""+"",""+""]",3455-4567+1234+4532+4333,8987,30,2
fourth-level,11,regular,4th Level 11th Week,Addition/Subtraction,Set 4,40,4,"[6786,2345,2134,4356,4323]","[""-"",""+"",""+"",""-""]",6786-2345+2134+4356-4323,6608,30,2
fourth-level,11,regular,4th Level 11th Week,Addition/Subtraction,Set 4,40,5,"[6754,4323,1786,2135,2341]","[""-"",""+"",""+"",""-""]",6754-4323+1786+2135-2341,4011,30,2
fourth-level,11,regular,4th Level 11th Week,Addition/Subtraction,Set 4,40,6,"[3098,2134,2122,7121,7321]","[""-"",""+"",""+"",""-""]",3098-2134+2122+7121-7321,2886,30,1
fourth-level,11,regular,4th Level 11th Week,Addition/Subtraction,Set 4,40,7,"[5099,3124,1253,3241,2344]","[""-"",""+"",""+"",""-""]",5099-3124+1253+3241-2344,4125,30,1
fourth-level,11,regular,4th Level 11th Week,Addition/Subtraction,Set 4,40,8,"[7098,3452,1925,2134,2210]","[""-"",""+"",""+"",""-""]",7098-3452+1925+2134-2210,5495,30,3
fourth-level,11,regular,4th Level 11th Week,Addition/Subtraction,Set 4,40,9,"[3122,4566,5134,7187,5234]","[""+"",""-"",""+"",""-""]",3122+4566-5134+7187-5234,4507,30,3
fourth-level,11,regular,4th Level 11th Week,Addition/Subtraction,Set 4,40,10,"[5098,1212,7685,3452,1283]","[""+"",""-"",""+"",""+""]",5098+1212-7685+3452+1283,3360,30,3
