level_slug,week_number,week_type,week_title,question_type_name,set_name,set_number,question_number,digits,operators,formatted_question,answer,time_limit,difficulty
fourth-level,12,regular,4th Level 12th Week,Addition/Subtraction,Set 1,10,1,"[3245,3434,3425,1265,1009]","[""+"",""-"",""-"",""-""]",3245-3434-3425-1265+1009,2998,30,1
fourth-level,12,regular,4th Level 12th Week,Addition/Subtraction,Set 1,10,2,"[6751,4322,1001,2123,3213]","[""+"",""-"",""-"",""+""]",6751-4322-1001+2123+3213,6764,30,1
fourth-level,12,regular,4th Level 12th Week,Addition/Subtraction,Set 1,10,3,"[4309,3455,5423,4563,2121]","[""-"",""+"",""-"",""+""]",4309-3455+5423-4563+2121,3835,30,2
fourth-level,12,regular,4th Level 12th Week,Addition/Subtraction,Set 1,10,4,"[7643,5466,8129,7123,2222]","[""-"",""+"",""-"",""+""]",7643-5466+8129-7123+2222,5405,30,2
fourth-level,12,regular,4th Level 12th Week,Addition/Subtraction,Set 1,10,5,"[3456,5400,1287,2133,3212]","[""-"",""+"",""-"",""+""]",3456-5400+1287-2133+3212,422,30,2
fourth-level,12,regular,4th Level 12th Week,Addition/Subtraction,Set 1,10,6,"[5655,3423,6541,4325,1267]","[""-"",""+"",""-"",""+""]",5655-3423+6541-4325+1267,5715,30,1
fourth-level,12,regular,4th Level 12th Week,Addition/Subtraction,Set 1,10,7,"[3000,5466,1001,4532,2345]","[""-"",""+"",""+"",""+""]",3000-5466+1001+4532+2345,5412,30,1
fourth-level,12,regular,4th Level 12th Week,Addition/Subtraction,Set 1,10,8,"[4567,3445,2109,4356,3456]","[""-"",""+"",""+"",""-""]",4567-3445+2109+4356-3456,4131,30,3
fourth-level,12,regular,4th Level 12th Week,Addition/Subtraction,Set 1,10,9,"[4322,2344,3211,2111,3214]","[""+"",""-"",""+"",""+""]",4322+2344-3211+2111+3214,8780,30,3
fourth-level,12,regular,4th Level 12th Week,Addition/Subtraction,Set 1,10,10,"[9876,5466,2091,1239,3213]","[""-"",""+"",""-"",""+""]",9876-5466+2091-1239+3213,8475,30,3
fourth-level,12,regular,4th Level 12th Week,Addition/Subtraction,Set 2,20,1,"[3022,1234,7890,4325,1267]","[""-"",""+"",""-"",""+""]",3022-1234+7890-4325+1267,6620,30,1
fourth-level,12,regular,4th Level 12th Week,Addition/Subtraction,Set 2,20,2,"[3111,4567,2345,4532,2345]","[""-"",""+"",""+"",""+""]",3111-4567+2345+4532+2345,7766,30,1
fourth-level,12,regular,4th Level 12th Week,Addition/Subtraction,Set 2,20,3,"[6101,2345,3454,4356,3456]","[""-"",""+"",""+"",""-""]",6101-2345+3454+4356-3456,8110,30,2
fourth-level,12,regular,4th Level 12th Week,Addition/Subtraction,Set 2,20,4,"[4101,1222,4564,2111,3214]","[""+"",""-"",""+"",""+""]",4101+1222-4564+2111+3214,6084,30,2
fourth-level,12,regular,4th Level 12th Week,Addition/Subtraction,Set 2,20,5,"[7810,4566,4321,1239,3213]","[""-"",""+"",""-"",""+""]",7810-4566+4321-1239+3213,9539,30,2
fourth-level,12,regular,4th Level 12th Week,Addition/Subtraction,Set 2,20,6,"[1221,2323,4532,1265,1009]","[""+"",""-"",""-"",""+""]",1221+2323-4532-1265+1009,-1244,30,1
fourth-level,12,regular,4th Level 12th Week,Addition/Subtraction,Set 2,20,7,"[5654,2323,2345,2123,3213]","[""-"",""-"",""+"",""+""]",5654-2323-2345+2123+3213,6322,30,1
fourth-level,12,regular,4th Level 12th Week,Addition/Subtraction,Set 2,20,8,"[3434,2134,6789,4563,2121]","[""-"",""+"",""-"",""+""]",3434-2134+6789-4563+2121,5647,30,3
fourth-level,12,regular,4th Level 12th Week,Addition/Subtraction,Set 2,20,9,"[6543,4321,7890,7123,2222]","[""-"",""+"",""-"",""+""]",6543-4321+7890-7123+2222,5211,30,3
fourth-level,12,regular,4th Level 12th Week,Addition/Subtraction,Set 2,20,10,"[6789,4321,3214,2133,3212]","[""-"",""+"",""-"",""+""]",6789-4321+3214-2133+3212,6761,30,3
fourth-level,12,regular,4th Level 12th Week,Addition/Subtraction,Set 3,30,1,"[4355,2323,3425,1265,2411]","[""+"",""-"",""-"",""+""]",4355+2323-3425-1265+2411,4399,30,1
fourth-level,12,regular,4th Level 12th Week,Addition/Subtraction,Set 3,30,2,"[5655,2323,3455,2123,4567]","[""-"",""-"",""+"",""+""]",5655-2323-3455+2123+4567,6567,30,1
fourth-level,12,regular,4th Level 12th Week,Addition/Subtraction,Set 3,30,3,"[4567,2134,5423,4563,3434]","[""-"",""+"",""-"",""+""]",4567-2134+5423-4563+3434,6727,30,2
fourth-level,12,regular,4th Level 12th Week,Addition/Subtraction,Set 3,30,4,"[5677,4321,8129,7123,3456]","[""-"",""+"",""-"",""+""]",5677-4321+8129-7123+3456,5818,30,2
fourth-level,12,regular,4th Level 12th Week,Addition/Subtraction,Set 3,30,5,"[7654,4321,1287,2133,6789]","[""-"",""+"",""-"",""+""]",7654-4321+1287-2133+6789,9276,30,2
fourth-level,12,regular,4th Level 12th Week,Addition/Subtraction,Set 3,30,6,"[4544,1234,6541,4325,3211]","[""-"",""+"",""-"",""+""]",4544-1234+6541-4325+3211,8737,30,1
fourth-level,12,regular,4th Level 12th Week,Addition/Subtraction,Set 3,30,7,"[3450,4567,4333,4532,4322]","[""-"",""-"",""+"",""+""]",3450-4567-4333+4532+4322,3404,30,1
fourth-level,12,regular,4th Level 12th Week,Addition/Subtraction,Set 3,30,8,"[7890,2345,2109,4356,4356]","[""-"",""+"",""+"",""-""]",7890-2345+2109+4356-4356,7654,30,3
fourth-level,12,regular,4th Level 12th Week,Addition/Subtraction,Set 3,30,9,"[5600,1222,3211,2111,3234]","[""+"",""-"",""+"",""+""]",5600+1222-3211+2111+3234,8956,30,3
fourth-level,12,regular,4th Level 12th Week,Addition/Subtraction,Set 3,30,10,"[8109,4566,2091,1239,3455]","[""-"",""+"",""-"",""+""]",8109-4566+2091-1239+3455,7850,30,3
fourth-level,12,regular,4th Level 12th Week,Addition/Subtraction,Set 4,40,1,"[4567,1234,6541,4325,1267]","[""-"",""+"",""-"",""+""]",4567-1234+6541-4325+1267,6816,30,1
fourth-level,12,regular,4th Level 12th Week,Addition/Subtraction,Set 4,40,2,"[4322,4567,4332,4532,2345]","[""-"",""+"",""+"",""+""]",4322-4567+4332+4532+2345,10964,30,1
fourth-level,12,regular,4th Level 12th Week,Addition/Subtraction,Set 4,40,3,"[7680,2345,2109,4356,3456]","[""-"",""+"",""+"",""-""]",7680-2345+2109+4356-3456,8344,30,2
fourth-level,12,regular,4th Level 12th Week,Addition/Subtraction,Set 4,40,4,"[5490,1222,3211,2111,3214]","[""+"",""-"",""+"",""+""]",5490+1222-3211+2111+3214,8826,30,2
fourth-level,12,regular,4th Level 12th Week,Addition/Subtraction,Set 4,40,5,"[7890,4566,2091,1239,3213]","[""-"",""+"",""-"",""+""]",7890-4566+2091-1239+3213,7389,30,2
fourth-level,12,regular,4th Level 12th Week,Addition/Subtraction,Set 4,40,6,"[2333,2323,3425,1265,1009]","[""+"",""-"",""-"",""+""]",2333+2323-3425-1265+1009,975,30,1
fourth-level,12,regular,4th Level 12th Week,Addition/Subtraction,Set 4,40,7,"[6543,2323,1001,2123,3213]","[""-"",""-"",""+"",""+""]",6543-2323-1001+2123+3213,8555,30,1
fourth-level,12,regular,4th Level 12th Week,Addition/Subtraction,Set 4,40,8,"[4322,2134,5423,4563,2121]","[""-"",""+"",""-"",""+""]",4322-2134+5423-4563+2121,5169,30,3
fourth-level,12,regular,4th Level 12th Week,Addition/Subtraction,Set 4,40,9,"[7890,4321,8129,7123,2222]","[""-"",""+"",""-"",""+""]",7890-4321+8129-7123+2222,6797,30,3
fourth-level,12,regular,4th Level 12th Week,Addition/Subtraction,Set 4,40,10,"[7654,4321,1287,2133,3212]","[""-"",""+"",""-"",""+""]",7654-4321+1287-2133+3212,5699,30,3
