level_slug,week_number,week_type,week_title,question_type_name,set_name,set_number,question_number,digits,operators,formatted_question,answer,time_limit,difficulty
intermediate-level,5,regular,Intermediate 5th Week,Addition/Subtraction,Set 1,10,1,"[8,3,4,7,9]","[""+"",""-"",""-"",""+""]",8+3-4-7+9,9,10,3
intermediate-level,5,regular,Intermediate 5th Week,Addition/Subtraction,Set 1,10,2,"[1,9,4,5,1]","[""+"",""-"",""+"",""+""]",1+9-4+5+1,12,10,3
intermediate-level,5,regular,Intermediate 5th Week,Addition/Subtraction,Set 1,10,3,"[5,4,8,4,3]","[""+"",""+"",""-"",""+""]",5+4+8-4+3,16,10,3
intermediate-level,5,regular,Intermediate 5th Week,Addition/Subtraction,Set 1,10,4,"[7,3,4,3,5]","[""+"",""-"",""+"",""-""]",7+3-4+3-5,4,10,3
intermediate-level,5,regular,Intermediate 5th Week,Addition/Subtraction,Set 1,10,5,"[8,4,4,5,1]","[""+"",""-"",""-"",""+""]",8+4-4-5+1,4,10,3
intermediate-level,5,regular,Intermediate 5th Week,Addition/Subtraction,Set 1,10,6,"[8,1,2,4,1]","[""+"",""+"",""-"",""+""]",8+1+2-4+1,8,10,3
intermediate-level,5,regular,Intermediate 5th Week,Addition/Subtraction,Set 1,10,7,"[3,2,1,4,4]","[""+"",""+"",""+"",""-""]",3+2+1+4-4,6,10,3
intermediate-level,5,regular,Intermediate 5th Week,Addition/Subtraction,Set 1,10,8,"[6,3,4,4,5]","[""+"",""+"",""-"",""-""]",6+3+4-4-5,4,10,3
intermediate-level,5,regular,Intermediate 5th Week,Addition/Subtraction,Set 1,10,9,"[9,5,5,4,4]","[""-"",""+"",""+"",""-""]",9-5+5+4-4,9,10,3
intermediate-level,5,regular,Intermediate 5th Week,Addition/Subtraction,Set 1,10,10,"[9,1,4,2,8]","[""+"",""-"",""+"",""-""]",9+1-4+2-8,0,10,3
intermediate-level,5,regular,Intermediate 5th Week,Addition/Subtraction,Set 2,20,1,"[2,3,5,4,2]","[""+"",""+"",""-"",""+""]",2+3+5-4+2,8,10,3
intermediate-level,5,regular,Intermediate 5th Week,Addition/Subtraction,Set 2,20,2,"[3,7,4,6,9]","[""+"",""-"",""-"",""+""]",3+7-4-6+9,9,10,3
intermediate-level,5,regular,Intermediate 5th Week,Addition/Subtraction,Set 2,20,3,"[6,4,4,3,7]","[""+"",""-"",""+"",""+""]",6+4-4+3+7,16,10,3
intermediate-level,5,regular,Intermediate 5th Week,Addition/Subtraction,Set 2,20,4,"[1,2,7,4,3]","[""+"",""+"",""-"",""+""]",1+2+7-4+3,9,10,3
intermediate-level,5,regular,Intermediate 5th Week,Addition/Subtraction,Set 2,20,5,"[2,5,3,4,1]","[""+"",""+"",""-"",""+""]",2+5+3-4+1,7,10,3
intermediate-level,5,regular,Intermediate 5th Week,Addition/Subtraction,Set 2,20,6,"[4,6,4,2,3]","[""+"",""-"",""+"",""-""]",4+6-4+2-3,5,10,3
intermediate-level,5,regular,Intermediate 5th Week,Addition/Subtraction,Set 2,20,7,"[5,5,4,6,9]","[""+"",""-"",""-"",""+""]",5+5-4-6+9,9,10,3
intermediate-level,5,regular,Intermediate 5th Week,Addition/Subtraction,Set 2,20,8,"[4,1,5,4,2]","[""+"",""+"",""+"",""-""]",4+1+5-4+2,8,10,3
intermediate-level,5,regular,Intermediate 5th Week,Addition/Subtraction,Set 2,20,9,"[7,3,4,6,9]","[""+"",""-"",""-"",""+""]",7+3-4-6+9,9,10,3
intermediate-level,5,regular,Intermediate 5th Week,Addition/Subtraction,Set 2,20,10,"[5,3,2,4,1]","[""+"",""+"",""+"",""-""]",5+3+2-4+1,7,10,3
intermediate-level,5,regular,Intermediate 5th Week,Addition/Subtraction,Set 3,30,1,"[3,8,5,3,6]","[""+"",""-"",""+"",""-""]",3+8-5+3-6,3,10,3
intermediate-level,5,regular,Intermediate 5th Week,Addition/Subtraction,Set 3,30,2,"[6,3,8,5,2]","[""+"",""+"",""-"",""+""]",6+3+8-5+2,14,10,3
intermediate-level,5,regular,Intermediate 5th Week,Addition/Subtraction,Set 3,30,3,"[7,2,9,5,6]","[""+"",""+"",""-"",""+""]",7+2+9-5+6,19,10,3
intermediate-level,5,regular,Intermediate 5th Week,Addition/Subtraction,Set 3,30,4,"[3,9,5,2,4]","[""+"",""-"",""-"",""+""]",3+9-5-2+4,9,10,3
intermediate-level,5,regular,Intermediate 5th Week,Addition/Subtraction,Set 3,30,5,"[7,4,5,3,1]","[""+"",""-"",""+"",""-""]",7+4-5+3-1,8,10,3
intermediate-level,5,regular,Intermediate 5th Week,Addition/Subtraction,Set 3,30,6,"[7,2,1,5,4]","[""+"",""+"",""+"",""-""]",7+2+1-5+4,9,10,3
intermediate-level,5,regular,Intermediate 5th Week,Addition/Subtraction,Set 3,30,7,"[8,1,1,5,5]","[""+"",""+"",""+"",""-""]",8+1+1-5+5,10,10,3
intermediate-level,5,regular,Intermediate 5th Week,Addition/Subtraction,Set 3,30,8,"[9,7,5,2,5]","[""+"",""-"",""+"",""+""]",9+7-5+2+5,18,10,3
intermediate-level,5,regular,Intermediate 5th Week,Addition/Subtraction,Set 3,30,9,"[5,5,3,5,1]","[""+"",""-"",""-"",""+""]",5+5-3-5+1,9,10,3
intermediate-level,5,regular,Intermediate 5th Week,Addition/Subtraction,Set 3,30,10,"[3,5,1,5,5]","[""+"",""+"",""+"",""-""]",3+5+1-5+5,9,10,3
intermediate-level,5,regular,Intermediate 5th Week,Addition/Subtraction,Set 4,40,1,"[8,7,5,4,5]","[""+"",""-"",""+"",""+""]",8+7-5+4+5,19,10,3
intermediate-level,5,regular,Intermediate 5th Week,Addition/Subtraction,Set 4,40,2,"[6,9,5,2,5]","[""+"",""-"",""+"",""+""]",6+9-5+2+5,17,10,3
intermediate-level,5,regular,Intermediate 5th Week,Addition/Subtraction,Set 4,40,3,"[8,3,5,5,3]","[""+"",""-"",""+"",""+""]",8+3-5+5+3,14,10,3
intermediate-level,5,regular,Intermediate 5th Week,Addition/Subtraction,Set 4,40,4,"[9,2,5,5,3]","[""+"",""-"",""-"",""+""]",9+2-5-5+3,14,10,3
intermediate-level,5,regular,Intermediate 5th Week,Addition/Subtraction,Set 4,40,5,"[7,5,2,5,2]","[""+"",""-"",""-"",""-""]",7+5-2-5-2,7,10,3
intermediate-level,5,regular,Intermediate 5th Week,Addition/Subtraction,Set 4,40,6,"[4,5,5,5,2]","[""+"",""-"",""-"",""-""]",4+5-5-5+2,7,10,3
intermediate-level,5,regular,Intermediate 5th Week,Addition/Subtraction,Set 4,40,7,"[8,8,5,2,5]","[""+"",""-"",""+"",""+""]",8+8-5+2+5,18,10,3
intermediate-level,5,regular,Intermediate 5th Week,Addition/Subtraction,Set 4,40,8,"[5,5,4,5,9]","[""+"",""-"",""-"",""-""]",5+5-4-5-9,0,10,3
intermediate-level,5,regular,Intermediate 5th Week,Addition/Subtraction,Set 4,40,9,"[2,8,5,4,7]","[""+"",""-"",""+"",""-""]",2+8-5+4-7,2,10,3
intermediate-level,5,regular,Intermediate 5th Week,Addition/Subtraction,Set 4,40,10,"[1,3,5,1,5]","[""+"",""-"",""+"",""-""]",1+3-5+1-5,5,10,3
intermediate-level,5,regular,Intermediate 5th Week,Addition/Subtraction,Set 5,50,1,"[7,3,6,5,2]","[""+"",""-"",""+"",""-""]",7+3-6+5-2,7,10,3
intermediate-level,5,regular,Intermediate 5th Week,Addition/Subtraction,Set 5,50,2,"[5,4,1,6,5]","[""+"",""+"",""-"",""+""]",5+4+1-6+5,9,10,3
intermediate-level,5,regular,Intermediate 5th Week,Addition/Subtraction,Set 5,50,3,"[9,8,2,6,9]","[""+"",""-"",""-"",""-""]",9+8-2-6-9,0,10,3
intermediate-level,5,regular,Intermediate 5th Week,Addition/Subtraction,Set 5,50,4,"[5,1,4,6,5]","[""+"",""-"",""-"",""+""]",5+1-4-6+5,9,10,3
intermediate-level,5,regular,Intermediate 5th Week,Addition/Subtraction,Set 5,50,5,"[9,4,5,6,5]","[""-"",""+"",""-"",""+""]",9-4+5-6+5,9,10,3
intermediate-level,5,regular,Intermediate 5th Week,Addition/Subtraction,Set 5,50,6,"[9,1,6,1,6]","[""+"",""-"",""-"",""+""]",9+1-6-1+6,9,10,3
intermediate-level,5,regular,Intermediate 5th Week,Addition/Subtraction,Set 5,50,7,"[7,4,3,4,6]","[""+"",""+"",""+"",""-""]",7+4+3+4-6,4,10,3
intermediate-level,5,regular,Intermediate 5th Week,Addition/Subtraction,Set 5,50,8,"[2,9,1,6,5]","[""+"",""+"",""-"",""+""]",2+9+1-6+5,9,10,3
intermediate-level,5,regular,Intermediate 5th Week,Addition/Subtraction,Set 5,50,9,"[7,8,6,2,5]","[""+"",""-"",""-"",""+""]",7+8-6-2+5,2,10,3
intermediate-level,5,regular,Intermediate 5th Week,Addition/Subtraction,Set 5,50,10,"[8,1,1,6,2]","[""+"",""+"",""-"",""-""]",8+1+1-6-2,2,10,3
intermediate-level,5,regular,Intermediate 5th Week,Addition/Subtraction,Set 6,60,1,"[7,2,7,3,6]","[""+"",""+"",""+"",""-""]",7+2+7+3-6,13,10,3
intermediate-level,5,regular,Intermediate 5th Week,Addition/Subtraction,Set 6,60,2,"[1,8,7,6,5]","[""+"",""+"",""-"",""-""]",1+8+7-6-5,5,10,3
intermediate-level,5,regular,Intermediate 5th Week,Addition/Subtraction,Set 6,60,3,"[4,6,6,5,2]","[""+"",""+"",""-"",""-""]",4+6-6+5-2,7,10,3
intermediate-level,5,regular,Intermediate 5th Week,Addition/Subtraction,Set 6,60,4,"[3,7,6,5,1]","[""+"",""+"",""-"",""+""]",3+7-6+5+1,10,10,3
intermediate-level,5,regular,Intermediate 5th Week,Addition/Subtraction,Set 6,60,5,"[8,2,6,1,4]","[""+"",""+"",""-"",""+""]",8+2-6+1+4,7,10,3
intermediate-level,5,regular,Intermediate 5th Week,Addition/Subtraction,Set 6,60,6,"[6,3,1,6,5]","[""+"",""+"",""+"",""-""]",6+3+1-6+5,9,10,3
intermediate-level,5,regular,Intermediate 5th Week,Addition/Subtraction,Set 6,60,7,"[7,9,6,6,2]","[""+"",""-"",""-"",""+""]",7+9-6-6+2,6,10,3
intermediate-level,5,regular,Intermediate 5th Week,Addition/Subtraction,Set 6,60,8,"[9,1,6,8,6]","[""-"",""-"",""+"",""-""]",9-1-6+8-6,4,10,3
intermediate-level,5,regular,Intermediate 5th Week,Addition/Subtraction,Set 6,60,9,"[2,7,6,5,6]","[""+"",""+"",""-"",""-""]",2+7-6+5-6,2,10,3
intermediate-level,5,regular,Intermediate 5th Week,Addition/Subtraction,Set 6,60,10,"[9,2,1,6,5]","[""+"",""+"",""-"",""+""]",9+2-1-6+5,9,10,3
intermediate-level,5,regular,Intermediate 5th Week,Addition/Subtraction,Set 7,70,1,"[8,8,7,1,6]","[""+"",""-"",""+"",""-""]",8+8-7+1-6,4,10,3
intermediate-level,5,regular,Intermediate 5th Week,Addition/Subtraction,Set 7,70,2,"[7,3,7,5,1]","[""+"",""-"",""+"",""+""]",7+3-7+5+1,9,10,3
intermediate-level,5,regular,Intermediate 5th Week,Addition/Subtraction,Set 7,70,3,"[6,2,7,7,5]","[""+"",""-"",""-"",""+""]",6+2-7-7+5,13,10,3
intermediate-level,5,regular,Intermediate 5th Week,Addition/Subtraction,Set 7,70,4,"[9,1,7,5,2]","[""+"",""-"",""+"",""-""]",9+1-7+5-2,6,10,3
intermediate-level,5,regular,Intermediate 5th Week,Addition/Subtraction,Set 7,70,5,"[5,5,7,3,9]","[""+"",""-"",""-"",""+""]",5+5-7-3+9,9,10,3
intermediate-level,5,regular,Intermediate 5th Week,Addition/Subtraction,Set 7,70,6,"[3,3,5,7,5]","[""+"",""-"",""+"",""+""]",3+3-5+7+5,9,10,3
intermediate-level,5,regular,Intermediate 5th Week,Addition/Subtraction,Set 7,70,7,"[8,1,1,7,5]","[""+"",""+"",""+"",""-""]",8+1+1-7+5,8,10,3
intermediate-level,5,regular,Intermediate 5th Week,Addition/Subtraction,Set 7,70,8,"[3,6,6,7,1]","[""+"",""+"",""+"",""-""]",3+6+6-7+1,9,10,3
intermediate-level,5,regular,Intermediate 5th Week,Addition/Subtraction,Set 7,70,9,"[7,8,1,4,1]","[""+"",""-"",""-"",""+""]",7+8-1-4+1,11,10,3
intermediate-level,5,regular,Intermediate 5th Week,Addition/Subtraction,Set 7,70,10,"[5,1,2,7,7]","[""+"",""+"",""+"",""-""]",5+1+2-7+7,8,10,3
intermediate-level,5,regular,Intermediate 5th Week,Addition/Subtraction,Set 8,80,1,"[5,3,7,9,7]","[""+"",""-"",""+"",""-""]",5+3-7+9-7,3,10,3
intermediate-level,5,regular,Intermediate 5th Week,Addition/Subtraction,Set 8,80,2,"[8,7,7,1,9]","[""+"",""-"",""+"",""-""]",8+7-7+1-9,0,10,3
intermediate-level,5,regular,Intermediate 5th Week,Addition/Subtraction,Set 8,80,3,"[4,2,4,7,5]","[""+"",""-"",""+"",""+""]",4+2-4+7+5,8,10,3
intermediate-level,5,regular,Intermediate 5th Week,Addition/Subtraction,Set 8,80,4,"[1,3,9,3,7]","[""+"",""+"",""-"",""-""]",1+3+9-3-7,3,10,3
intermediate-level,5,regular,Intermediate 5th Week,Addition/Subtraction,Set 8,80,5,"[6,3,7,6,7]","[""+"",""-"",""-"",""+""]",6+3-7-6+7,3,10,3
intermediate-level,5,regular,Intermediate 5th Week,Addition/Subtraction,Set 8,80,6,"[9,6,7,1,4]","[""+"",""-"",""+"",""-""]",9+6-7+1-4,5,10,3
intermediate-level,5,regular,Intermediate 5th Week,Addition/Subtraction,Set 8,80,7,"[5,4,1,7,5]","[""+"",""+"",""+"",""-""]",5+4+1-7+5,8,10,3
intermediate-level,5,regular,Intermediate 5th Week,Addition/Subtraction,Set 8,80,8,"[2,5,3,7,5]","[""+"",""+"",""+"",""-""]",2+5+3-7+5,8,10,3
intermediate-level,5,regular,Intermediate 5th Week,Addition/Subtraction,Set 8,80,9,"[4,6,7,2,5]","[""+"",""-"",""-"",""+""]",4+6-7-2+5,6,10,3
intermediate-level,5,regular,Intermediate 5th Week,Addition/Subtraction,Set 8,80,10,"[1,3,6,7,1]","[""+"",""+"",""+"",""-""]",1+3+6-7+1,4,10,3
intermediate-level,5,regular,Intermediate 5th Week,Addition/Subtraction,Set 9,90,1,"[1,7,9,8,1]","[""+"",""+"",""-"",""-""]",1+7+9-8-1,8,10,3
intermediate-level,5,regular,Intermediate 5th Week,Addition/Subtraction,Set 9,90,2,"[3,7,8,5,2]","[""+"",""-"",""+"",""+""]",3+7-8+5+2,9,10,3
intermediate-level,5,regular,Intermediate 5th Week,Addition/Subtraction,Set 9,90,3,"[2,2,6,8,5]","[""+"",""+"",""-"",""+""]",2+2+6-8+5,7,10,3
intermediate-level,5,regular,Intermediate 5th Week,Addition/Subtraction,Set 9,90,4,"[9,1,8,7,6]","[""+"",""-"",""+"",""-""]",9+1-8+7-6,3,10,3
intermediate-level,5,regular,Intermediate 5th Week,Addition/Subtraction,Set 9,90,5,"[4,5,3,8,5]","[""+"",""+"",""+"",""-""]",4+5+3-8+5,9,10,3
intermediate-level,5,regular,Intermediate 5th Week,Addition/Subtraction,Set 9,90,6,"[4,1,5,8,2]","[""+"",""+"",""+"",""-""]",4+1+5-8+2,4,10,3
intermediate-level,5,regular,Intermediate 5th Week,Addition/Subtraction,Set 9,90,7,"[1,1,8,5,8]","[""+"",""+"",""-"",""+""]",1+1-8+5+8,7,10,3
intermediate-level,5,regular,Intermediate 5th Week,Addition/Subtraction,Set 9,90,8,"[2,1,9,8,5]","[""+"",""+"",""+"",""-""]",2+1+9-8+5,9,10,3
intermediate-level,5,regular,Intermediate 5th Week,Addition/Subtraction,Set 9,90,9,"[3,5,9,8,6]","[""+"",""+"",""+"",""-""]",3+5+9-8+6,15,10,3
intermediate-level,5,regular,Intermediate 5th Week,Addition/Subtraction,Set 9,90,10,"[5,4,5,2,8]","[""+"",""+"",""+"",""-""]",5+4+5-2-8,4,10,3
intermediate-level,5,regular,Intermediate 5th Week,Addition/Subtraction,Set 10,100,1,"[5,3,8,8,1]","[""+"",""+"",""+"",""+""]",5+3+8-8+1,9,10,3
intermediate-level,5,regular,Intermediate 5th Week,Addition/Subtraction,Set 10,100,2,"[6,3,9,2,8]","[""+"",""+"",""+"",""-""]",6+3+9-2-8,8,10,3
intermediate-level,5,regular,Intermediate 5th Week,Addition/Subtraction,Set 10,100,3,"[8,1,1,8,5]","[""+"",""+"",""+"",""-""]",8+1+1-8+5,7,10,3
intermediate-level,5,regular,Intermediate 5th Week,Addition/Subtraction,Set 10,100,4,"[7,3,8,1,5]","[""+"",""+"",""-"",""+""]",7+3-8+1+5,8,10,3
intermediate-level,5,regular,Intermediate 5th Week,Addition/Subtraction,Set 10,100,5,"[6,4,8,5,1]","[""+"",""-"",""+"",""-""]",6+4-8+5-1,6,10,3
intermediate-level,5,regular,Intermediate 5th Week,Addition/Subtraction,Set 10,100,6,"[9,2,8,1,8]","[""-"",""+"",""+"",""-""]",9-2+8+1-8,8,10,3
intermediate-level,5,regular,Intermediate 5th Week,Addition/Subtraction,Set 10,100,7,"[8,1,4,8,3]","[""-"",""+"",""+"",""-""]",8-1+4+8-3,0,10,3
intermediate-level,5,regular,Intermediate 5th Week,Addition/Subtraction,Set 10,100,8,"[7,8,2,2,8]","[""+"",""+"",""+"",""-""]",7+8+2-2-8,7,10,3
intermediate-level,5,regular,Intermediate 5th Week,Addition/Subtraction,Set 10,100,9,"[9,2,5,8,1]","[""+"",""+"",""+"",""-""]",9+2+5-8+1,9,10,3
intermediate-level,5,regular,Intermediate 5th Week,Addition/Subtraction,Set 10,100,10,"[7,3,8,2,5]","[""+"",""+"",""-"",""+""]",7+3-8+2+5,9,10,3
