question_number,digit_1,digit_2,digit_3,digit_4,digit_5,operator_1,operator_2,operator_3,operator_4,time_limit,answer
# Example: 6 + 8 - 4 = 10
1,6,8,4,,,+,-,,,10,10
# Example: 12 * 3 + 5 = 41
2,12,3,5,,,*,+,10,41
# Example: 45 - 23 + 9 = 31
3,45,23,9,,,-,+,10,31

# INSTRUCTIONS:
# 1. Fill in question_number (1, 2, 3...)
# 2. Fill in digits (digit_1, digit_2, etc.)
# 3. Fill in operators (+, -, *, /) between digits
# 4. Set time_limit in seconds (optional)
# 5. Calculate and enter the correct answer
# 6. Save as CSV and upload
#
# NOTE: For single question set imports only
