question_set,question_number,digit_1,digit_2,digit_3,digit_4,digit_5,operator_1,operator_2,operator_3,operator_4,time_limit,answer
# Example for Set 1: 6 + 8 - 4 = 10
1,1,6,8,4,,,+,-,,,10,10
1,2,12,3,5,,,*,+,10,41
1,3,45,23,9,,,-,+,10,31

# Example for Set 2:
2,1,9,3,,,*,12,27
2,2,15,7,4,,,-,+,10,18

# Example for Set 3:
3,1,24,6,,,/,15,4
3,2,8,4,2,,,*,/,10,16

# INSTRUCTIONS:
# 1. Fill in question_set (1, 2, 3, etc.) - Set numbers for the week
# 2. Fill in question_number within each set (1, 2, 3...)
# 3. Fill in digits (digit_1, digit_2, etc.)
# 4. Fill in operators (+, -, *, /) between digits
# 5. Set time_limit in seconds (optional, uses default if empty)
# 6. Calculate and enter the correct answer
# 7. Save as CSV and upload
#
# IMPORTANT: Question sets will be created automatically if they don't exist
# Set names will be: 'Set 1', 'Set 2', etc.
