week_number,week_type,week_title,question_type_name,set_name,set_number,question_number,digits,operators,formatted_question,answer,time_limit,difficulty
1,regular,Beginner 1st Week,Addition/Subtraction,Set 1,10,1,"[3,4]","[""+""]","3 + 4",7,30,2
1,regular,Beginner 1st Week,Addition/Subtraction,Set 1,10,2,"[5,3]","[""+""]","5 + 3",8,30,2
1,regular,Beginner 1st Week,Addition/Subtraction,Set 1,10,3,"[9,5,6]","[""+""",""-""]","9 + 5 - 6",8,30,2
1,regular,Beginner 1st Week,Addition/Subtraction,Set 1,10,4,"[9,1,5]","[""-""",""*""]","9 - 1 × 5",40,30,2
1,regular,Beginner 1st Week,Addition/Subtraction,Set 1,10,5,"[5,9,2]","[""+""",""/""]","5 + 9 ÷ 2",7,30,2
1,regular,Beginner 1st Week,Multiplication,Set 2,20,1,"[3,4]","[""*""]","3 × 4",12,30,3
1,regular,Beginner 1st Week,Multiplication,Set 2,20,2,"[5,6]","[""*""]","5 × 6",30,30,3
1,regular,Beginner 1st Week,Multiplication,Set 2,20,3,"[7,8]","[""*""]","7 × 8",56,30,3
2,multiplication,Beginner 2nd week,Multiplication,Set 1,10,1,"[2,3]","[""*""]","2 × 3",6,30,1
2,multiplication,Beginner 2nd week,Multiplication,Set 1,10,2,"[4,5]","[""*""]","4 × 5",20,30,1
2,multiplication,Beginner 2nd week,Division,Set 2,20,1,"[12,3]","[""/""]","12 ÷ 3",4,30,2
2,multiplication,Beginner 2nd week,Division,Set 2,20,2,"[20,4]","[""/""]","20 ÷ 4",5,30,2